fips_ipeds,year,twocat,dif_white,dif_hispa,dif_black,dif_asian,dif_amind,dif_pacis,dif_othra,dif_twora
"Alabama",2009,"For-Profit 2-year",-36.12381,-1.917439,18.30886,-.6465573,-.175997,,21.1814,-.5282984
"Alabama",2010,"For-Profit 2-year",-36.3316,-3.119881,11.65203,-1.112077,-.2992764,-.0547557,29.57379,-.3082194
"Alabama",2011,"For-Profit 2-year",-38.71402,-3.128464,19.29054,-1.136771,-.3448353,-.0196294,24.28204,-.2288634
"Alabama",2012,"For-Profit 2-year",-38.63966,-3.412885,17.3539,-1.142596,-.2448224,.0027692,26.2067,-.1234012
"Alabama",2013,"For-Profit 2-year",-38.45548,-3.313243,19.93671,-1.197535,-.1322467,.0200917,23.0092,.1325019
"Alabama",2014,"For-Profit 2-year",-37.34964,-2.952535,23.32329,-1.285578,-.1191274,.4672658,18.04322,-.1268928
"Alabama",2015,"For-Profit 2-year",-36.11304,-2.521126,24.57579,-1.239859,-.1243279,.019882,15.53186,-.1291807
"Alabama",2016,"For-Profit 2-year",-39.00834,-2.350122,22.00301,-1.419812,-.1753027,.0188748,20.8379,.0937894
"Alabama",2017,"For-Profit 2-year",-39.05271,-2.161428,22.92572,-1.547198,-.1523568,.3041552,18.63529,1.048529
"Alabama",2009,"Public 2-year",-2.747022,-.7575943,1.213096,.0623525,.2411032,,2.061588,-.005955
"Alabama",2010,"Public 2-year",-.4082838,-2.047676,2.087957,-.4228079,.2804435,.0208948,.6804025,-.1909307
"Alabama",2011,"Public 2-year",-2.603453,-1.615726,2.390218,-.2939379,.2914783,.0589022,1.715253,.057265
"Alabama",2012,"Public 2-year",-3.143691,-1.921418,1.690715,-.1843608,.4305238,.0605175,3.30026,-.2325455
"Alabama",2013,"Public 2-year",-1.969714,-1.560179,1.775862,-.1591722,.3522333,.0582494,1.253219,.2495025
"Alabama",2014,"Public 2-year",-2.101697,-1.198371,1.396793,-.0370697,.3785676,.0456306,1.14052,.3756272
"Alabama",2015,"Public 2-year",-1.828025,-1.014531,1.104357,.0104473,.3651783,.0382898,.8959732,.4283114
"Alabama",2016,"Public 2-year",-2.068208,-.7415767,1.126122,-.0455677,.3311498,.0350382,.7622451,.6007957
"Alabama",2017,"Public 2-year",-1.991276,-.3656731,.9770098,-.1687229,.2937613,.0226769,.5711637,.6610599
"Alaska",2009,"For-Profit 2-year",-20.42072,9.033684,1.309977,3.678668,4.611759,,8.524343,
"Alaska",2010,"For-Profit 2-year",-28.69288,19.87421,2.055381,-2.94684,-.3846154,.8606021,13.79773,-4.563595
"Alaska",2011,"For-Profit 2-year",-29.19554,17.59703,.7901123,-1.213858,3.150697,.7368221,12.4275,-4.292763
"Alaska",2012,"For-Profit 2-year",-26.74632,21.86985,1.322544,.7772999,2.165623,.0975139,1.851811,-1.338321
"Alaska",2013,"For-Profit 2-year",-23.70177,22.55548,.0351792,-2.366803,-.584722,3.767083,.9387822,-.6432248
"Alaska",2014,"For-Profit 2-year",-22.30529,21.31168,1.63677,-2.606977,-.9068344,3.478119,2.063245,-2.670721
"Alaska",2015,"For-Profit 2-year",-21.55822,19.64777,1.006821,.7587264,.3405001,-1.317786,4.306444,-3.184257
"Alaska",2016,"For-Profit 2-year",-19.28161,1.406714,6.226982,12.74935,8.591179,-2.113815,-.881502,-6.697293
"Alaska",2017,"For-Profit 2-year",-20.4152,2.850009,3.904873,12.38804,7.07903,-1.347973,-1.624744,-2.834037
"Alaska",2009,"Public 2-year",,,,,,,,
"Alaska",2010,"Public 2-year",-7.394481,-.8157467,-.2069806,-3.530844,18.66883,-.3530843,-.2069806,-6.160714
"Alaska",2011,"Public 2-year",-11.61969,-2.609942,.1684971,8.968286,14.42151,-.8861541,-1.746725,-6.695779
"Alaska",2012,"Public 2-year",-4.01208,-3.3267,.1962203,-.8015811,17.76768,-.6394556,-.228228,-8.955857
"Alaska",2013,"Public 2-year",-4.59185,-1.097903,-1.64431,-1.806365,20.36382,-1.760549,-.2893237,-9.173517
"Alaska",2014,"Public 2-year",2.670154,-3.893259,.4540159,-1.230869,8.495533,.9791381,-.481396,-6.993319
"Alaska",2015,"Public 2-year",4.367094,-3.658869,2.332906,-4.002251,9.769553,-5.026014,2.5597,-6.342117
"Alaska",2016,"Public 2-year",.7236391,-1.101449,.4837582,-6.134932,2.846575,10.49275,-.9195402,-6.390805
"Alaska",2017,"Public 2-year",-.7960774,-.5888872,-.9750152,5.871697,4.328841,-1.015456,-.8226691,-6.002438
"Arizona",2009,"For-Profit 2-year",-6.441755,-5.730654,8.098716,-.4272826,2.443398,,2.907453,-.4952487
"Arizona",2010,"For-Profit 2-year",-3.266842,-3.226006,7.564713,-1.796539,2.237495,.4021584,-1.507973,-.4070055
"Arizona",2011,"For-Profit 2-year",-5.744319,-3.218613,5.75477,-1.877167,2.446764,.397652,1.383607,.8573077
"Arizona",2012,"For-Profit 2-year",-6.48712,-1.899314,5.499875,-1.878518,2.567166,.4822888,.6208888,1.094734
"Arizona",2013,"For-Profit 2-year",-10.08639,-3.059011,7.552592,-1.967887,2.812547,.5510519,3.172864,1.024228
"Arizona",2014,"For-Profit 2-year",-12.05521,-2.504718,9.606744,-1.978909,2.122653,.4678834,3.651124,.6904357
"Arizona",2015,"For-Profit 2-year",-10.8072,1.523677,3.135676,-1.664047,2.971176,.6370629,3.196553,1.007102
"Arizona",2016,"For-Profit 2-year",-7.997016,2.902236,3.177002,-1.318324,2.454425,.6699412,-1.227899,1.339635
"Arizona",2017,"For-Profit 2-year",-6.61974,1.404336,4.119674,-1.391285,2.90236,.6659664,-3.216894,2.135581
"Arizona",2009,"Public 2-year",.771171,-5.468368,2.419622,.9365045,1.283822,,1.908587,-1.302863
"Arizona",2010,"Public 2-year",2.898268,-2.862716,2.561149,-.1707907,1.627598,.0136752,-2.634244,-1.43294
"Arizona",2011,"Public 2-year",-1.303481,-2.908844,3.173043,-.2924288,1.80976,.1050254,-.2277988,-.3552763
"Arizona",2012,"Public 2-year",-3.007805,-1.348449,2.851896,-.4869595,1.709393,.1249106,.4328322,-.2758185
"Arizona",2013,"Public 2-year",-3.551601,.1923532,2.24222,-.4746969,1.447461,.1227689,.282989,-.2614928
"Arizona",2014,"Public 2-year",-3.994455,1.669306,1.912426,-.4520624,1.371942,.1370499,-.4788349,-.1653727
"Arizona",2015,"Public 2-year",-4.89355,2.896181,1.683021,-.5870001,1.301695,.1457173,-.3661316,-.1799318
"Arizona",2016,"Public 2-year",-5.15649,4.218542,1.467853,-.6342293,1.322794,.1627206,-1.154224,-.2269664
"Arizona",2017,"Public 2-year",-6.737702,6.958405,1.344488,-.7996971,1.245776,.1416639,-2.150533,-.0023997
"Arkansas",2009,"For-Profit 2-year",-13.38527,-.9270062,16.75752,.0163591,-.2080017,,-1.298486,-.9354055
"Arkansas",2010,"For-Profit 2-year",-14.11696,-1.791297,19.41169,-.4628471,.0798229,.1028078,-2.055429,-1.167777
"Arkansas",2011,"For-Profit 2-year",-21.59924,-1.789001,23.75129,-.6416543,-.0213499,.1916473,-.1939203,.3022278
"Arkansas",2012,"For-Profit 2-year",-18.87373,-2.124816,21.02793,-.5281374,.413384,-.0339953,1.035616,-.9162472
"Arkansas",2013,"For-Profit 2-year",-16.73763,-1.414114,19.40544,-.7842681,.5446741,-.0266604,-.0777029,-.9097424
"Arkansas",2014,"For-Profit 2-year",-21.26609,.0620734,20.56427,-.0763604,1.346125,-.02333,-.3572306,-.2494574
"Arkansas",2015,"For-Profit 2-year",-17.67456,-.5882848,14.81848,-.2190585,1.572373,-.0315604,.0118302,2.110782
"Arkansas",2009,"Public 2-year",-.0584049,-4.352887,2.341501,.6535521,.7149666,,1.038138,.1381695
"Arkansas",2010,"Public 2-year",.8325042,-2.839335,4.799251,-.0066283,.3264579,-.1508768,-2.844887,-.116486
"Arkansas",2011,"Public 2-year",-1.994109,-2.505067,5.462718,-.0418583,.5611497,-.0418058,-1.633018,.1919896
"Arkansas",2012,"Public 2-year",-2.622664,-2.139199,5.384529,-.3564289,.2377797,-.0882157,-1.106297,.6904949
"Arkansas",2013,"Public 2-year",-2.62423,-1.782597,4.35081,-.46989,.1701704,-.1641992,-.4877449,1.007681
"Arkansas",2014,"Public 2-year",-2.60135,-.9677139,3.611813,-.5003966,.1157237,-.1616918,-.6940435,1.19766
"Arkansas",2015,"Public 2-year",-2.288777,-.703451,2.62007,-.5161968,.2194174,-.1631442,-.5138547,1.345937
"Arkansas",2016,"Public 2-year",-2.166699,-.4499715,2.096115,-.2301545,.2530708,-.1912774,-.6535509,1.342468
"Arkansas",2017,"Public 2-year",-1.545013,-.9163851,2.507273,-.5059273,.2257528,-.2158695,-.6954072,1.145576
"California",2009,"For-Profit 2-year",-8.121667,1.768638,3.603567,-1.323067,.4969387,,4.765721,-.4820744
"California",2010,"For-Profit 2-year",-6.929913,.5270523,2.166958,-4.317876,-.0993024,.7686593,9.316915,-1.432493
"California",2011,"For-Profit 2-year",-6.648902,5.624268,3.083939,-4.225611,.1129748,1.479751,.2943771,.2792031
"California",2012,"For-Profit 2-year",-6.118376,1.883986,5.284834,-4.297815,.0706526,1.010094,1.908138,.2584867
"California",2013,"For-Profit 2-year",-5.87046,2.131392,5.721372,-4.18539,.1394568,1.124761,.4434301,.4954379
"California",2014,"For-Profit 2-year",-5.470464,2.521479,5.716192,-3.737408,.1317517,.9200712,-.6042469,.5226261
"California",2015,"For-Profit 2-year",-3.475517,.1254503,6.164104,-2.717021,.1442269,.803058,-2.509442,1.46514
"California",2016,"For-Profit 2-year",-3.612543,.1964563,3.892873,-1.718116,.1142767,.8817921,-.245932,.4911923
"California",2017,"For-Profit 2-year",-6.74969,3.339699,3.181035,-1.913879,.0466807,1.027128,.7474696,.3215563
"California",2009,"Public 2-year",-2.205301,-1.447749,2.053114,1.999308,.0388327,,1.095049,-1.147272
"California",2010,"Public 2-year",2.487201,1.544607,2.387852,.8678606,-.1606188,.2652448,-6.060504,-1.331644
"California",2011,"Public 2-year",-.4825164,3.262668,2.215611,.2190174,-.1054446,.1736861,-5.526508,.2434861
"California",2012,"Public 2-year",-1.213607,5.600877,1.880337,-.1175422,-.1775698,.1421173,-6.643376,.5287633
"California",2013,"Public 2-year",-2.087424,7.267175,1.890062,-.4224787,-.2016693,.1052413,-7.263911,.7130036
"California",2014,"Public 2-year",-2.678816,8.730758,1.623991,-.7187971,-.1955746,.066052,-7.634731,.8071182
"California",2015,"Public 2-year",-3.299476,10.09385,1.318301,-.8796652,-.1655402,.0558839,-7.931438,.808081
"California",2016,"Public 2-year",-3.040006,10.78034,1.042275,-.8474665,-.1734214,.0494783,-8.456693,.6454906
"California",2017,"Public 2-year",-3.181143,11.48615,.8484488,-1.074371,-.1647904,.055813,-8.655057,.6849536
"Colorado",2009,"For-Profit 2-year",-9.940184,4.989959,6.439607,-.4899342,.3460767,,-.0256795,-1.031948
"Colorado",2010,"For-Profit 2-year",-5.164945,4.175202,3.935425,-1.569667,.3364938,.1596107,-.8863651,-.9857545
"Colorado",2011,"For-Profit 2-year",-7.476257,3.764823,3.025099,-1.416724,.3037779,.0355786,2.124234,-.3605297
"Colorado",2012,"For-Profit 2-year",-9.430614,2.994783,2.645298,-1.755943,.3398624,.141635,5.029917,.0350604
"Colorado",2013,"For-Profit 2-year",-7.49591,2.066678,4.358875,-1.697142,.5796446,.2583034,.8908646,1.038687
"Colorado",2014,"For-Profit 2-year",-14.51923,4.811367,3.908188,-1.748186,.5458717,.2508122,5.536717,1.21446
"Colorado",2015,"For-Profit 2-year",-11.33406,3.940636,3.081001,-1.740554,.3636974,.1764089,4.761447,.7514253
"Colorado",2016,"For-Profit 2-year",-12.52927,4.099241,3.919962,-1.576035,1.0145,.1844114,5.299167,-.4119779
"Colorado",2017,"For-Profit 2-year",-12.85764,6.390331,3.645356,-1.29538,1.258917,.3907001,2.576892,-.1091796
"Colorado",2009,"Public 2-year",.3823428,-6.041321,3.186711,1.182345,.6277132,,3.041562,
"Colorado",2010,"Public 2-year",-.3100024,-4.817965,2.080413,-.1055613,.1239071,.2894374,4.151052,-1.411283
"Colorado",2011,"Public 2-year",-2.861328,-5.27796,2.459543,-.3231882,.1318937,.1997069,5.578743,.0925891
"Colorado",2012,"Public 2-year",-1.980061,-4.295707,2.184912,-.3181939,.0804901,.1676731,3.593755,.5671296
"Colorado",2013,"Public 2-year",-.9476762,-4.103088,2.056734,-.2035853,.0061299,.1331129,2.195266,.8631046
"Colorado",2014,"Public 2-year",-.1506893,-3.766362,1.69264,-.2368298,-.005108,.1167955,1.287859,1.061695
"Colorado",2015,"Public 2-year",-.2257955,-3.486999,1.374214,-.217452,-.0040311,.1185592,1.380026,1.061477
"Colorado",2016,"Public 2-year",-3.951596,.3269276,.6583249,-.4050351,.0302758,.1282,2.342175,.8707261
"Colorado",2017,"Public 2-year",-6.867632,1.613746,.6508816,-.5781128,-.0507112,.0854617,4.63771,.5086572
"Connecticut",2009,"For-Profit 2-year",-10.75904,1.28666,9.231794,-2.180588,.3334447,,3.589998,-1.442979
"Connecticut",2010,"For-Profit 2-year",-17.68893,3.463576,15.64191,-3.112262,.1511512,-.0443022,3.111835,-1.522978
"Connecticut",2011,"For-Profit 2-year",-18.92644,.5832919,10.98502,-3.064464,.449161,-.0448284,9.802647,.2156159
"Connecticut",2012,"For-Profit 2-year",-20.88115,-.5396007,10.60908,-2.947319,.4890739,-.0547128,12.56242,.7622071
"Connecticut",2013,"For-Profit 2-year",-15.23883,-.2175692,8.666717,-3.189041,.0769385,-.0459764,5.873896,4.073864
"Connecticut",2014,"For-Profit 2-year",-14.13312,.0213325,10.93618,-3.313715,.1970054,.1014584,.5114708,5.679392
"Connecticut",2015,"For-Profit 2-year",-15.73926,-1.081443,11.45152,-2.967166,.2205149,.1323006,1.194627,6.788901
"Connecticut",2016,"For-Profit 2-year",-11.96386,-1.703228,9.329958,-2.988687,.1027186,-.0321811,2.002496,5.252786
"Connecticut",2017,"For-Profit 2-year",-9.348989,-2.602109,6.471284,-2.233111,.3764797,-.0312371,3.622868,3.744817
"Connecticut",2009,"Public 2-year",-14.44502,4.591497,5.301041,-.8577991,-.0134049,,6.951097,
"Connecticut",2010,"Public 2-year",-10.45654,3.895822,4.882397,-1.707646,-.1021174,.0820542,3.441938,-.035909
"Connecticut",2011,"Public 2-year",-11.4681,5.580378,5.467331,-1.567215,.0006886,.0957449,1.81259,.078583
"Connecticut",2012,"Public 2-year",-11.37754,6.38772,6.133364,-1.430073,-.0150158,.0870592,.5499814,-.3354941
"Connecticut",2013,"Public 2-year",-11.08362,7.03838,6.461612,-1.413223,-.0233966,.1085487,-.7945893,-.2937084
"Connecticut",2014,"Public 2-year",-11.99291,7.563051,6.936394,-1.354643,-.0132052,.123135,-1.083238,-.1785833
"Connecticut",2015,"Public 2-year",-12.08465,8.156595,6.563741,-1.424859,-.0925838,.1270754,-1.169472,-.0758431
"Connecticut",2016,"Public 2-year",-13.2707,9.490073,6.459765,-1.411059,-.0608825,.1163069,-1.094596,-.2289112
"Connecticut",2017,"Public 2-year",-13.24438,10.02235,6.701375,-1.660465,-.0721523,.1272793,-2.055098,.181091
"Delaware",2009,"Public 2-year",-4.965603,-.6247522,3.530309,-.0452665,-.075576,,2.338988,-.127563
"Delaware",2010,"Public 2-year",.3132603,-2.06876,2.348771,-.422789,-.1824939,.0869051,-.258558,.1836668
"Delaware",2011,"Public 2-year",-1.457294,-1.745009,1.691275,-.2081377,-.0266755,.1011323,.9622392,.6824715
"Delaware",2012,"Public 2-year",-2.326944,-1.009729,1.993504,.1483566,-.1074249,.073039,.4478734,.7813283
"Delaware",2013,"Public 2-year",-3.358692,-.6349034,3.066102,-.0618224,.0153565,.1048985,.593763,.2752984
"Delaware",2014,"Public 2-year",-4.161016,-.040561,3.066288,-.141293,-.0915467,.1051484,.6164795,.6465017
"Delaware",2015,"Public 2-year",-4.06664,3.01643,-.7326275,.6519461,-.3010159,.0472391,1.379568,.0050981
"Delaware",2016,"Public 2-year",-5.49866,1.320159,3.414702,-1.285494,.0460851,.0810245,.6483557,1.273825
"Delaware",2017,"Public 2-year",-5.806929,2.049316,2.481115,-1.633293,.1214375,.0989594,1.234449,1.454942
"Florida",2009,"For-Profit 2-year",-19.64416,2.509127,13.18829,-1.241752,.0665937,,5.456898,-.0720351
"Florida",2010,"For-Profit 2-year",-15.25028,-2.543197,16.02837,-1.924291,.1176019,.106373,3.621909,-.1564905
"Florida",2011,"For-Profit 2-year",-17.9121,-3.323397,15.39653,-2.218991,.3435158,.1099169,7.2281,.3764306
"Florida",2012,"For-Profit 2-year",-19.55323,-4.917175,18.16203,-2.355913,.4404051,.1280712,7.165717,.9300975
"Florida",2013,"For-Profit 2-year",-20.65029,-5.206731,16.51356,-2.373307,.2845306,.1703127,10.734,.5279285
"Florida",2014,"For-Profit 2-year",-19.65352,-5.479918,16.13926,-2.319272,.2455004,.199239,10.43237,.4363411
"Florida",2015,"For-Profit 2-year",-14.61387,4.074844,5.553243,-1.853618,.2491243,.1092048,6.288488,.1925884
"Florida",2016,"For-Profit 2-year",-15.08186,6.788826,4.924149,-1.667843,.4532141,.1411312,5.068326,-.6259426
"Florida",2017,"For-Profit 2-year",-17.16134,10.69125,3.667748,-1.876026,.0073844,.1188531,5.27071,-.7185769
"Florida",2009,"Public 2-year",-2.968383,2.473239,-.2704523,.3089244,.1396087,,1.920943,
"Florida",2010,"Public 2-year",-1.923693,.260453,1.994375,-.4880445,-.0469356,.0788052,1.510804,-1.385764
"Florida",2011,"Public 2-year",-6.346009,2.163335,2.870305,-.4673132,-.0329662,.1164452,2.241428,-.5452255
"Florida",2012,"Public 2-year",-7.655647,2.207013,1.912897,-.5899758,-.0489402,.1306622,4.345049,-.3010587
"Florida",2013,"Public 2-year",-6.519006,1.857262,2.033418,-.553211,-.051326,.1558708,3.153276,-.0762835
"Florida",2014,"Public 2-year",-6.83379,2.254794,1.792848,-.5679598,-.0511538,.1693173,3.173348,.0625967
"Florida",2015,"Public 2-year",-6.901926,2.615453,1.261387,-.5315704,.0049118,.165965,3.185219,.2005616
"Florida",2016,"Public 2-year",-7.059825,2.531452,1.401172,-.4552282,.0099792,.169515,2.957507,.4454286
"Florida",2017,"Public 2-year",-7.090294,3.347865,1.046633,-.5482261,-.0040374,.1555052,2.474741,.6178152
"Georgia",2009,"For-Profit 2-year",-26.4545,-4.519537,25.97963,-1.498916,.1750777,,6.330012,.2407321
"Georgia",2010,"For-Profit 2-year",-23.2283,-5.771209,29.21701,-3.386203,-.1427981,.0196019,4.05189,-.7599844
"Georgia",2011,"For-Profit 2-year",-27.11415,-4.93927,33.84275,-3.511778,.0142838,.0410721,1.714738,-.0476448
"Georgia",2012,"For-Profit 2-year",-28.97052,-4.580945,36.72782,-3.426793,-.0412511,-.0323161,.503437,-.179436
"Georgia",2013,"For-Profit 2-year",-29.59097,-4.629325,38.11558,-3.291952,.0241884,-.0378698,-.1595859,-.4300681
"Georgia",2014,"For-Profit 2-year",-30.65191,-3.952014,37.04363,-3.028344,-.0348518,.0210135,.9533587,-.3508919
"Georgia",2015,"For-Profit 2-year",-30.01219,-3.109652,33.32514,-3.101907,-.0660846,.0338164,3.449776,-.5188958
"Georgia",2016,"For-Profit 2-year",-29.81739,-2.422136,32.82664,-2.621887,-.0774943,.1471767,3.152366,-1.187282
"Georgia",2017,"For-Profit 2-year",-29.11464,-1.895954,33.53289,-2.779389,.0479041,.0812169,.9956628,-.8676946
"Georgia",2009,"Public 2-year",-.7624324,-3.750603,1.998453,.109892,.0533709,,2.537699,-.1127908
"Georgia",2010,"Public 2-year",-.0116618,-5.405556,6.178989,-.9703912,-.010338,.0407915,.5131969,-.3350291
"Georgia",2011,"Public 2-year",-1.40562,-3.873456,5.962183,-1.055071,.0638727,.0385761,.0931642,.1763507
"Georgia",2012,"Public 2-year",-.5215854,-3.330191,4.818541,-1.009975,.0946972,.057986,-.2291652,.1196925
"Georgia",2013,"Public 2-year",-.6373515,-3.287534,5.203543,-1.146617,.0850468,.0676603,-.4676928,.1829461
"Georgia",2014,"Public 2-year",-1.137048,-2.839002,5.318365,-1.289033,.0468236,.0726593,-.4978233,.3250585
"Georgia",2015,"Public 2-year",-1.757692,-2.036705,5.069404,-1.467718,.0386073,.0661735,-.3698638,.4577935
"Georgia",2016,"Public 2-year",-1.477051,-1.035965,3.374379,-1.430452,-.0073336,.0577012,-.1253445,.6440661
"Georgia",2017,"Public 2-year",-3.837182,-.9410259,5.517162,-1.446905,-.0389433,.0780191,-.0410996,.7099755
"Hawaii",2009,"For-Profit 2-year",-12.05037,-2.273349,-.205354,38.92407,.2700341,,-.9897889,
"Hawaii",2010,"For-Profit 2-year",-17.85001,-3.248179,-.9916951,-33.19873,-.138678,-.7854581,71.30779,-15.09503
"Hawaii",2011,"For-Profit 2-year",-10.91978,3.295334,1.71323,2.374101,.3971827,9.673116,.4432077,-6.976388
"Hawaii",2012,"For-Profit 2-year",-10.85185,1.008844,1.706495,5.046883,.1215848,1.192528,14.01196,-12.23645
"Hawaii",2013,"For-Profit 2-year",-13.73083,-4.271266,2.29555,-6.687951,.2414239,8.678228,17.32771,-3.852867
"Hawaii",2014,"For-Profit 2-year",-15.21047,-5.396956,2.474725,-12.62021,.0546824,9.895279,25.22397,-4.42102
"Hawaii",2009,"Public 2-year",-6.696951,-4.400902,-2.052917,34.39358,.1506153,,3.468474,
"Hawaii",2010,"Public 2-year",-7.589735,1.388115,-.5884734,-3.233698,-.0093173,4.185808,1.78955,4.057749
"Hawaii",2011,"Public 2-year",-8.568748,2.552742,-.653466,-5.384125,.0608864,2.474444,1.900007,7.618259
"Hawaii",2012,"Public 2-year",-9.072307,3.030239,-.7645556,-5.317331,.051263,1.119302,2.578018,8.375371
"Hawaii",2013,"Public 2-year",-9.204832,2.855996,-.7885322,-4.498251,-.0183854,-.5000068,2.70923,9.44478
"Hawaii",2014,"Public 2-year",-9.549875,3.048426,-.9146005,-4.068221,-.0521039,-1.797496,2.901756,10.43211
"Hawaii",2015,"Public 2-year",-9.884273,3.112459,-1.256409,-3.085296,-.1112939,-2.450277,2.946878,10.72821
"Hawaii",2016,"Public 2-year",-9.493511,3.210222,-.9555575,-3.295647,-.0514693,-3.350228,3.21133,10.72486
"Hawaii",2017,"Public 2-year",-10.05436,3.512825,-1.019052,-3.263947,-.0538226,-3.210155,3.285937,10.80257
"Idaho",2009,"For-Profit 2-year",-8.044004,-1.823352,.3504757,.0591194,.4070254,,10.11712,-.7832422
"Idaho",2010,"For-Profit 2-year",3.911503,-2.805454,.6088763,-.3253229,.5932546,.1691447,-1.555505,-.5964964
"Idaho",2011,"For-Profit 2-year",-.5283577,-1.755826,.3521679,-.3559953,.9086539,.2336863,1.279461,-.1337891
"Idaho",2012,"For-Profit 2-year",-1.549704,1.027917,.5661133,-.3799291,.3245405,.3724519,.338683,-.700071
"Idaho",2013,"For-Profit 2-year",-.1375425,.0452767,1.237301,-.8038059,.6285809,.2695299,-.6301318,-.6092065
"Idaho",2014,"For-Profit 2-year",-1.335414,.5718763,1.559711,-.6964566,.7615266,.4229998,-.5574459,-.7267974
"Idaho",2015,"For-Profit 2-year",-3.893875,.5186104,1.411801,1.726324,1.581939,.0843907,-.5040213,-.9251688
"Idaho",2016,"For-Profit 2-year",-10.07707,6.3339,1.984893,2.720391,.5223761,.1254968,-.5648149,-1.045176
"Idaho",2017,"For-Profit 2-year",-11.05726,9.686346,1.493469,-.0168776,.3694044,1.181162,-.4392574,-1.216987
"Idaho",2009,"Public 2-year",-8.535585,-.8761605,.1182206,.8983881,1.799874,,9.110704,-1.255333
"Idaho",2010,"Public 2-year",.2692831,-3.002198,.4957271,.1385733,.3765869,.7966466,2.198716,-1.273339
"Idaho",2011,"Public 2-year",-3.749162,-.4750204,.4675638,.0715802,.8208246,.5428489,3.385852,-1.064488
"Idaho",2012,"Public 2-year",-8.172503,.7455718,.6392952,-.2723301,.9558505,.4147828,7.215677,-1.526345
"Idaho",2013,"Public 2-year",-8.615686,1.268137,.8337322,-.427471,.9063532,.4662276,6.192861,-.6241505
"Idaho",2014,"Public 2-year",-7.924565,1.645043,.8191839,-.2837805,.8860697,.3712298,4.872421,-.3856029
"Idaho",2015,"Public 2-year",-7.480325,1.908568,.8917327,-.183997,.7960435,.37545,4.369004,-.6764776
"Idaho",2016,"Public 2-year",-7.661379,2.519016,1.046312,-.0078,.6304505,.5835218,3.552466,-.6625857
"Idaho",2017,"Public 2-year",-7.837069,3.208472,1.219127,.4229789,.7694983,.3275724,2.766983,-.8775639
"Illinois",2009,"For-Profit 2-year",-16.00858,2.74402,14.3609,-.8275075,.0521438,,.6532556,-.8015547
"Illinois",2010,"For-Profit 2-year",-12.42884,1.879039,16.91523,-3.67058,-.0702297,.1476202,-1.799482,-.9727573
"Illinois",2011,"For-Profit 2-year",-11.24544,3.123663,15.1059,-3.487612,.171252,.185841,-3.871386,.017784
"Illinois",2012,"For-Profit 2-year",-11.71144,1.650499,13.82261,-2.677553,.3301487,.3094786,-2.324451,.6007063
"Illinois",2013,"For-Profit 2-year",-10.91477,-3.472315,14.4792,-2.97488,.4721188,.2882242,-.1967423,2.319158
"Illinois",2014,"For-Profit 2-year",-12.91262,-2.903446,14.99658,-3.102734,.4793647,.1938433,1.582142,1.666874
"Illinois",2015,"For-Profit 2-year",-11.79399,-3.216703,14.0939,-2.551211,.2833402,.2984496,1.376546,1.509673
"Illinois",2016,"For-Profit 2-year",-11.43552,-3.468277,14.40621,-2.294446,.3536025,.3807517,.6008679,1.456815
"Illinois",2017,"For-Profit 2-year",-13.32885,4.212094,12.55929,-2.387909,-.0108555,.2244309,-.6960785,-.5721228
"Illinois",2009,"Public 2-year",-1.727852,-.9280345,6.597782,1.581936,.1708498,,-4.566684,
"Illinois",2010,"Public 2-year",-.4325216,-1.736105,5.463067,-.6707334,-.0053942,.1701881,-2.030547,-.7579544
"Illinois",2011,"Public 2-year",-2.781383,.5450672,5.49529,-.8303019,.1012126,.1937265,-2.742144,.0185324
"Illinois",2012,"Public 2-year",-3.560709,1.069501,5.165669,-1.013924,.0960081,.2018536,-2.131816,.1734169
"Illinois",2013,"Public 2-year",-4.408577,2.187114,4.606508,-1.088727,.0960254,.1461364,-1.96287,.42439
"Illinois",2014,"Public 2-year",-5.012857,3.437719,3.812898,-.9907949,.0595615,.1448205,-1.942665,.4913186
"Illinois",2015,"Public 2-year",-5.536994,5.265652,2.637399,-1.323906,.0422064,.133255,-1.851232,.63362
"Illinois",2016,"Public 2-year",-6.131963,6.944449,2.025409,-1.428,.0155813,.1068973,-2.313168,.7807931
"Illinois",2017,"Public 2-year",-6.212792,7.726459,1.720677,-1.477011,-.009629,.076425,-2.62716,.8030313
"Indiana",2009,"For-Profit 2-year",-25.03911,-2.459289,9.406954,-.8006269,.0368918,,19.77446,-.8830979
"Indiana",2010,"For-Profit 2-year",-22.41769,-3.640989,9.254713,-1.461468,.0477929,.0338997,18.9853,-.8015588
"Indiana",2011,"For-Profit 2-year",-25.11869,-2.788282,8.350201,-1.366087,.0397482,.066317,21.4246,-.607808
"Indiana",2012,"For-Profit 2-year",-23.68027,-2.180913,8.720698,-1.519363,.0871123,.072172,18.80383,-.3032693
"Indiana",2013,"For-Profit 2-year",-24.53788,-2.224899,9.253293,-1.560273,.1249366,.0599031,16.52008,2.364841
"Indiana",2014,"For-Profit 2-year",-23.95475,-2.057757,11.53475,-1.540437,.1426278,.0561726,13.74969,2.069699
"Indiana",2015,"For-Profit 2-year",-21.23911,-1.808818,12.45058,-1.570181,.1836154,.0398684,10.74232,1.201729
"Indiana",2016,"For-Profit 2-year",-9.672489,-.9928231,10.78832,-1.521885,.1540156,.1269446,.2516228,.8662979
"Indiana",2017,"For-Profit 2-year",-9.870887,-1.077805,10.46347,-1.243456,.1499135,.1169276,.4072884,1.054552
"Indiana",2009,"Public 2-year",-3.354573,-2.373849,2.843253,-.3409938,.1637401,,4.472186,-1.157691
"Indiana",2010,"Public 2-year",-1.710096,-3.559106,4.651826,-1.288994,.0947355,.0641488,2.002647,-.2551586
"Indiana",2011,"Public 2-year",-4.984791,-2.994354,5.837138,-1.275516,.1822539,.0438418,2.800086,.3913418
"Indiana",2012,"Public 2-year",9.577029,-3.230531,-5.204188,-1.699868,.2106004,-.0095367,.4669916,-.1105005
"Indiana",2013,"Public 2-year",9.212845,-3.633367,-5.213133,-1.699487,.1974025,-.0005597,.43846,.6978398
"Indiana",2014,"Public 2-year",8.137178,-2.305575,-5.215978,-1.702462,.2016006,-.0196741,.4110402,.4938712
"Indiana",2015,"Public 2-year",9.716299,-4.520514,-6.451826,-1.960048,.1597565,.1044365,2.022395,.9294994
"Indiana",2016,"Public 2-year",8.739576,-2.898677,-7.344271,-2.07768,.0571802,.1148183,2.03629,1.372764
"Indiana",2017,"Public 2-year",9.800884,-3.064715,-7.604923,-2.252568,.0925037,.1164098,1.524042,1.388369
"Iowa",2009,"For-Profit 2-year",-17.18763,-1.614646,5.758524,-1.483397,.0365363,,14.92374,-.4042296
"Iowa",2010,"For-Profit 2-year",-16.98285,-2.839277,5.878684,-1.6179,.0369671,-.049684,16.32359,-.7495387
"Iowa",2011,"For-Profit 2-year",-7.37781,-.8545275,6.894333,-1.519278,.4756524,.0714489,3.162386,-.8522059
"Iowa",2012,"For-Profit 2-year",-5.462533,-.0205901,7.933843,-1.465915,.1853049,.0758089,-.3316845,-.9142353
"Iowa",2013,"For-Profit 2-year",-7.71077,.4024657,6.823167,-1.604125,.4544757,.0226024,2.467757,-.8555712
"Iowa",2014,"For-Profit 2-year",-11.03162,-.5591995,7.024192,-1.341844,.2724191,.1528725,6.711055,-1.22788
"Iowa",2015,"For-Profit 2-year",-9.594309,.2838793,5.89022,-1.95385,.23202,.1640406,5.266521,-.2885211
"Iowa",2016,"For-Profit 2-year",-9.330667,.3421428,5.121107,-2.079903,.1886105,.1948607,5.685121,-.1212734
"Iowa",2017,"For-Profit 2-year",-23.38187,1.262779,4.568226,-2.220003,-.0207421,.0609132,20.01013,-.2794312
"Iowa",2009,"Public 2-year",-14.231,-.8234532,2.683722,-.7469342,.4439512,,13.48691,-.340393
"Iowa",2010,"Public 2-year",-11.30708,-1.224342,3.0654,-.8196676,.3261179,.0117598,10.51761,-.569796
"Iowa",2011,"Public 2-year",-13.88382,-.6197165,3.796424,-.86827,.3113277,.0735127,11.43154,-.2409931
"Iowa",2012,"Public 2-year",-8.473854,.1678835,4.121536,-.8136356,.4057079,.0673158,4.542105,-.0170582
"Iowa",2013,"Public 2-year",-8.547009,.3731657,3.999209,-.619037,.369128,.1123608,4.016614,.2955679
"Iowa",2014,"Public 2-year",-8.93369,.6780338,4.405281,-.8509641,.3320822,.110141,3.835804,.4233138
"Iowa",2015,"Public 2-year",-9.838266,1.165928,4.698606,-.8316162,.3364218,.1290999,3.909585,.4302427
"Iowa",2016,"Public 2-year",-10.97644,1.64517,4.287005,-.7185847,.2537937,.0676962,4.813517,.6278424
"Iowa",2017,"Public 2-year",-11.84217,2.130993,5.182056,-.7548652,.2854329,.0432224,4.005266,.9500636
"Kansas",2009,"For-Profit 2-year",-23.57554,-3.753837,11.03088,-1.304063,.9327708,,18.16216,-1.372277
"Kansas",2010,"For-Profit 2-year",-6.635328,-4.516334,14.31941,-1.272766,.9122237,.0364295,-2.921056,.0774245
"Kansas",2011,"For-Profit 2-year",-12.45094,-2.342547,15.01084,-1.332978,1.043372,.1215508,.2432449,-.2925483
"Kansas",2012,"For-Profit 2-year",-13.00841,-1.474506,13.59892,-1.695798,.2453654,.1250975,.927214,1.282118
"Kansas",2013,"For-Profit 2-year",-11.29042,-1.224881,12.17374,-2.30723,.3026592,.1311805,1.470138,.7448145
"Kansas",2014,"For-Profit 2-year",-9.440529,-1.92623,11.70387,-2.456532,1.073595,.1379459,.749557,.158327
"Kansas",2015,"For-Profit 2-year",-7.995997,-3.137762,11.86455,-2.706966,1.205566,.439485,.5157368,-.184616
"Kansas",2016,"For-Profit 2-year",-7.205317,-3.751788,10.80099,-3.029772,1.445245,.266756,1.177847,.2960354
"Kansas",2017,"For-Profit 2-year",-11.13531,-3.687016,13.81677,-2.474884,.4161135,.0491416,1.763037,1.252151
"Kansas",2009,"Public 2-year",-11.37403,-4.487448,3.74994,-.4723978,4.644953,,9.673128,-1.876852
"Kansas",2010,"Public 2-year",-5.4225,-2.694483,4.459908,-.4181655,1.8032,.055035,3.210443,-.9934382
"Kansas",2011,"Public 2-year",-8.600638,-1.961008,5.105742,-.3003358,1.742529,.0817299,4.736833,-.8048516
"Kansas",2012,"Public 2-year",-7.892684,-1.080932,4.976771,-.4462116,1.832074,.1220497,2.658399,-.1694654
"Kansas",2013,"Public 2-year",-7.978097,-.200958,5.078592,-.2842398,.459039,.1362865,2.738639,.0507382
"Kansas",2014,"Public 2-year",-9.762146,.1287302,4.957177,-.353642,1.723723,.1086315,2.844689,.3528361
"Kansas",2015,"Public 2-year",-10.82985,1.053005,4.616632,-.5129535,1.91926,.1137487,3.104466,.5356877
"Kansas",2016,"Public 2-year",-11.30684,1.796685,4.497587,-.6368373,1.974174,.0939303,3.291054,.2902463
"Kansas",2017,"Public 2-year",-11.01277,2.069573,4.952358,-.6143969,.48746,.1206898,3.254182,.7429056
"Kentucky",2009,"For-Profit 2-year",-15.96095,-1.284459,10.52166,-.7162961,.2175312,,5.970542,1.807582
"Kentucky",2010,"For-Profit 2-year",-13.69891,-2.103574,11.40187,-1.091671,.2200747,.0309626,3.447692,1.793561
"Kentucky",2011,"For-Profit 2-year",-14.50899,-1.882382,13.08282,-1.062214,.0686457,.0240232,2.619306,1.65879
"Kentucky",2012,"For-Profit 2-year",-16.19245,-1.509313,13.51447,-1.096091,.1083702,.0451333,3.790552,1.339336
"Kentucky",2013,"For-Profit 2-year",-13.0387,-1.461302,12.79714,-1.259323,.140243,.0790853,1.584551,1.158304
"Kentucky",2014,"For-Profit 2-year",-15.03247,-1.490042,13.75839,-1.069058,-.0676796,.1115247,2.431693,1.357639
"Kentucky",2015,"For-Profit 2-year",-16.93095,-.716087,13.17902,-1.107625,.0430309,.1348763,3.52821,1.869521
"Kentucky",2016,"For-Profit 2-year",-16.20259,-.1732871,10.79659,-1.023724,.089203,.1983479,3.756438,2.559027
"Kentucky",2017,"For-Profit 2-year",-12.72596,.2615994,6.886252,-1.110836,.0296156,.1394538,3.432717,3.087155
"Kentucky",2009,"Public 2-year",-2.784722,-.9218186,1.329419,-.2817698,.131391,,3.747812,
"Kentucky",2010,"Public 2-year",.8679987,-1.450177,1.638557,-.5443228,.0456756,.044348,-.5613078,-.0407723
"Kentucky",2011,"Public 2-year",-.5996917,-.8609563,1.8874,-.5528739,.0767792,.0243296,-.277395,.3024074
"Kentucky",2012,"Public 2-year",-.647582,-.564113,1.469293,-.5023199,.11915,.0307222,-.1517269,.2465768
"Kentucky",2013,"Public 2-year",-.727668,-.5111491,1.161509,-.474832,.0701715,.0397503,-.0489391,.4911583
"Kentucky",2014,"Public 2-year",-1.678023,-.3741375,1.609488,-.4419869,.0707219,.062537,.0484434,.7029555
"Kentucky",2015,"Public 2-year",-1.934284,.0144872,.8623831,-.3193701,.045082,.0529589,.2894227,.9893199
"Kentucky",2016,"Public 2-year",-.8861357,.3847726,-.0776727,-.2974317,-.0078534,.0295962,-.4814868,1.336212
"Kentucky",2017,"Public 2-year",-1.247635,.8045897,-.1886106,-.33861,-.0173602,.0256812,-.4344595,1.396406
"Louisiana",2009,"For-Profit 2-year",-13.90569,-.6712518,15.7574,-.7590743,.1212639,,.062621,-.4970419
"Louisiana",2010,"For-Profit 2-year",-12.46229,-1.167273,14.60722,-1.084184,.026498,-.0028179,.947743,-.8648947
"Louisiana",2011,"For-Profit 2-year",-17.56571,-1.267611,20.03822,-.9766248,-.0364104,-.0263634,.5399784,-.7054806
"Louisiana",2012,"For-Profit 2-year",-20.45546,-2.035285,23.78645,-1.507774,-.1254504,.0315653,.7552243,-.4492742
"Louisiana",2013,"For-Profit 2-year",-22.66818,-2.46672,27.02647,-1.63352,-.1903298,-.0117328,.2706061,-.3265949
"Louisiana",2014,"For-Profit 2-year",-23.39489,-2.552705,27.6389,-1.729236,-.067278,-.0078106,.5037921,-.3907828
"Louisiana",2015,"For-Profit 2-year",-25.87786,-1.991067,28.4599,-1.69811,-.0872853,.2798705,1.47252,-.5579669
"Louisiana",2016,"For-Profit 2-year",-27.71406,-2.368341,31.53892,-1.812481,-.036448,.045998,.5243747,-.1779608
"Louisiana",2017,"For-Profit 2-year",-26.78395,-3.237897,32.16291,-2.189815,.0160391,.0444349,.4107715,-.4225004
"Louisiana",2009,"Public 2-year",-5.680639,-1.194573,2.009495,-.1265479,.2859058,,5.173952,-.1064888
"Louisiana",2010,"Public 2-year",-6.323615,-2.728535,7.218829,-.8142816,.1409462,-.0021062,2.726403,-.2176392
"Louisiana",2011,"Public 2-year",-14.95309,-2.494245,2.333607,-1.233561,.1331202,.0138394,16.34331,-.1429743
"Louisiana",2012,"Public 2-year",-9.410759,-.5431739,6.053608,-.8766438,.134244,.0489029,4.25838,.3354418
"Louisiana",2013,"Public 2-year",-9.193514,-.6570032,6.869276,-.890802,.1199098,.0646212,3.306969,.3805439
"Louisiana",2014,"Public 2-year",-10.01062,-.8665289,6.878036,-.8322443,.1738195,.0917125,4.109721,.4561024
"Louisiana",2015,"Public 2-year",-9.46065,-.9635771,6.800547,-.9361594,.2678464,.09457,3.630249,.567174
"Louisiana",2016,"Public 2-year",-8.616501,-.9582614,6.546537,-.8826225,.2976196,.08064,2.671286,.861303
"Louisiana",2017,"Public 2-year",-8.595153,-.7979038,7.305047,-.9581121,.3136587,.1226369,1.59027,1.019556
"Maine",2009,"For-Profit 2-year",-49.34627,-1.617586,-1.427256,-2.00257,-.2868237,,55.7964,-1.074644
"Maine",2010,"For-Profit 2-year",-47.13476,-1.423539,-1.639445,-2.009912,-.2250209,-.0390758,53.83607,-1.364328
"Maine",2011,"For-Profit 2-year",-21.54705,.2632304,.6969448,-.9143673,-.1408081,-.0226861,22.91678,-1.252033
"Maine",2012,"For-Profit 2-year",-3.769521,.3508052,1.40106,-.8494051,.0886648,.1214633,3.973255,-1.316319
"Maine",2013,"For-Profit 2-year",-3.072429,1.104511,1.865088,-.9359773,.4784409,.399616,1.508719,-1.34797
"Maine",2014,"For-Profit 2-year",-3.779292,1.008338,1.254989,-.7906634,.1657058,.4041704,3.215917,-1.479166
"Maine",2015,"For-Profit 2-year",-6.74542,.7654721,.7739748,-1.111427,.4138739,.1492307,6.793328,-1.03903
"Maine",2016,"For-Profit 2-year",-9.648554,.7917235,1.072474,-.7674366,.9195215,.1848628,8.576092,-1.128683
"Maine",2017,"For-Profit 2-year",-19.91954,-.1427608,-.1943475,-2.006152,.2011511,0,22.61138,-.549723
"Maine",2009,"Public 2-year",-12.32198,-.7183942,.3335014,-.4913096,1.355843,,13.08225,-.9697263
"Maine",2010,"Public 2-year",-7.252664,-.5046324,.3766037,-.747371,.6133695,-.0148169,8.617341,-1.087831
"Maine",2011,"Public 2-year",-8.663626,-.5121368,.6650799,-.813049,.5506639,.018615,8.654137,.1003161
"Maine",2012,"Public 2-year",-5.102204,-.4352887,1.115266,-.8242841,.5314395,.0735787,4.565175,.0763154
"Maine",2013,"Public 2-year",-4.936249,.0521015,1.083832,-.877654,.6604506,.0723081,3.766157,.1790553
"Maine",2014,"Public 2-year",-5.475276,.2999822,1.42175,-.643375,.6551765,.1144899,3.419287,.207966
"Maine",2015,"Public 2-year",-6.129799,.5721712,1.80343,-.6557337,.3846143,.0877245,3.810842,.1267521
"Maine",2016,"Public 2-year",-6.573058,.3961794,2.497298,-.7067295,.3907885,.0815703,3.41533,.4986186
"Maine",2017,"Public 2-year",-6.053088,.3056789,2.642267,-.6797717,.3082252,.0826927,3.016137,.3778577
"Maryland",2009,"For-Profit 2-year",-15.79998,-.8592045,17.84879,-2.915349,-.0275023,,3.122769,-1.300695
"Maryland",2010,"For-Profit 2-year",-11.58382,-3.719827,19.47807,-4.689514,-.1226695,-.0204071,2.325196,-1.667026
"Maryland",2011,"For-Profit 2-year",-12.70977,-2.895066,20.7027,-4.757155,.1905389,.0957999,.563268,-1.190309
"Maryland",2012,"For-Profit 2-year",-12.23906,-1.935503,20.54411,-5.25551,.3167162,.0394803,-.5584043,-.9118305
"Maryland",2013,"For-Profit 2-year",-12.03826,-1.705021,20.92372,-4.62842,.4263578,.0636722,-2.033094,-1.008952
"Maryland",2014,"For-Profit 2-year",-11.48389,-1.003625,19.10004,-4.732646,.4322448,.2419152,-1.664839,-.889202
"Maryland",2015,"For-Profit 2-year",-16.66824,.0338259,14.48846,-5.272692,.0844226,.0208732,-1.628274,8.941619
"Maryland",2016,"For-Profit 2-year",-16.10306,1.240727,19.94307,-5.888747,-.0013197,.1591446,1.135416,-.4852229
"Maryland",2017,"For-Profit 2-year",-27.73421,7.162343,27.95129,-5.695803,-.0566551,.0100989,-1.358066,-.2789993
"Maryland",2009,"Public 2-year",-6.529412,-2.59718,4.605823,.2305485,.1546184,,5.732361,
"Maryland",2010,"Public 2-year",-.8776706,-2.533379,3.713308,-1.464272,.0615123,.1105176,1.945605,-.9556208
"Maryland",2011,"Public 2-year",-2.709204,-2.468591,4.336539,-1.509175,.0812116,.1644303,2.037097,.0676924
"Maryland",2012,"Public 2-year",-1.310394,-2.038487,2.778749,-1.624528,.0583509,.1859437,1.55196,.3984046
"Maryland",2013,"Public 2-year",-1.96635,-1.600247,3.232056,-1.527354,.0464134,.165567,.8615968,.7883162
"Maryland",2014,"Public 2-year",-2.513216,-1.331539,3.259525,-1.635455,.1113509,.1685429,1.022987,.9178035
"Maryland",2015,"Public 2-year",-3.135815,-.8216308,3.2081,-1.694452,.2081749,.1558874,1.225806,.853929
"Maryland",2016,"Public 2-year",-4.038738,-.3248745,3.199378,-1.58932,.0644347,.1579807,1.320479,1.210659
"Maryland",2017,"Public 2-year",-4.407765,.0260718,2.972753,-1.67298,.0527611,.1510073,1.529149,1.349002
"Massachusetts",2009,"For-Profit 2-year",-22.83644,11.60898,9.569996,-2.871543,.1938172,,5.087734,-.7036859
"Massachusetts",2010,"For-Profit 2-year",-17.53143,8.479612,10.28018,-3.642063,.1345969,.0253104,3.170256,-.9164628
"Massachusetts",2011,"For-Profit 2-year",-20.42516,8.624029,11.55998,-3.967554,.2548269,-.0361857,4.144286,-.154221
"Massachusetts",2012,"For-Profit 2-year",-19.70774,5.502211,10.69618,-3.622509,.0587927,-.0048038,5.7298,1.348063
"Massachusetts",2013,"For-Profit 2-year",-22.12292,7.564897,11.67781,-3.205372,.0436975,.1463342,4.628675,1.266885
"Massachusetts",2014,"For-Profit 2-year",-20.751,5.458756,12.37287,-2.395734,.1697972,.0727337,4.397602,.6749671
"Massachusetts",2015,"For-Profit 2-year",-20.04274,4.509284,10.35607,-2.798956,.1217309,.1731661,6.582828,1.098622
"Massachusetts",2016,"For-Profit 2-year",-19.83607,6.707262,9.083379,-3.134412,-.0526644,.1190173,5.372861,1.740628
"Massachusetts",2017,"For-Profit 2-year",-12.79857,9.955034,5.805315,-5.127971,.3154254,-.0338236,3.126657,-1.242063
"Massachusetts",2009,"Public 2-year",-12.34939,2.316352,6.226732,-.8077807,.2834648,,5.909316,-1.576539
"Massachusetts",2010,"Public 2-year",-6.088335,3.003819,5.163105,-1.657435,.141445,.0897085,.8514218,-1.503729
"Massachusetts",2011,"Public 2-year",-10.85307,5.280989,5.164309,-1.806762,.2220714,.0669883,1.847353,.0781206
"Massachusetts",2012,"Public 2-year",-10.74629,5.551013,6.097632,-1.988191,.1552939,.1134349,.9776133,-.1605077
"Massachusetts",2013,"Public 2-year",-11.72525,6.07845,6.556262,-1.813595,.1499911,.0968944,1.178944,-.521701
"Massachusetts",2014,"Public 2-year",-12.67171,6.724561,7.486131,-2.105195,.1408516,.0839636,.5068825,-.1654864
"Massachusetts",2015,"Public 2-year",-12.7122,7.191728,7.330707,-2.323423,.1371347,.0996187,.347901,-.0714613
"Massachusetts",2016,"Public 2-year",-13.28174,7.099676,7.358457,-2.258801,.1259713,.0801872,.7780252,.0982248
"Massachusetts",2017,"Public 2-year",-13.96949,7.002412,7.354439,-2.337462,.0662104,.0670831,1.498256,.3185508
"Michigan",2009,"For-Profit 2-year",-12.9416,-.3873923,4.476033,-2.218895,.1865676,,12.11466,-1.176802
"Michigan",2010,"For-Profit 2-year",-13.51351,-1.136208,12.28492,-2.025943,.0168731,.0238766,5.884576,-1.534588
"Michigan",2011,"For-Profit 2-year",-12.97804,-1.055867,12.68313,-1.898743,.1828919,.1335059,3.665641,-.7325135
"Michigan",2012,"For-Profit 2-year",-14.649,-.2795513,12.96531,-2.095388,.1685795,.0573717,4.320646,-.4879695
"Michigan",2013,"For-Profit 2-year",-14.98769,.4567795,11.38622,-2.326502,.2837792,.0129371,5.051635,.122839
"Michigan",2014,"For-Profit 2-year",-17.53797,.2915859,7.494759,-2.616071,.126232,-.0064781,11.78069,.4672475
"Michigan",2015,"For-Profit 2-year",-15.05647,-.2185296,14.29675,-2.343642,.2345646,.1772854,2.256474,.6535705
"Michigan",2016,"For-Profit 2-year",-14.98493,2.258905,9.428591,-3.428687,.2091152,.0732342,5.898664,.5451109
"Michigan",2017,"For-Profit 2-year",-4.972182,6.621466,-1.447468,-3.932027,.2925976,.5280218,1.165096,1.744495
"Michigan",2009,"Public 2-year",-7.338669,-1.570637,-2.42566,-1.550808,.5552719,,13.84659,
"Michigan",2010,"Public 2-year",-7.244521,-1.602295,-1.753098,-1.369923,.3814832,.0555273,12.74152,-1.208693
"Michigan",2011,"Public 2-year",-7.581677,-1.301025,1.671585,-1.482457,.5356911,.0706317,8.549031,-.4617785
"Michigan",2012,"Public 2-year",-6.993975,-1.077397,1.096754,-1.342871,.5608969,.0985002,7.884022,-.2259309
"Michigan",2013,"Public 2-year",-5.990783,-.9890749,.9304749,-1.282443,.4875619,.0831569,6.739752,.0213571
"Michigan",2014,"Public 2-year",-5.480935,-.4029814,.2411856,-1.400625,.5256772,.0833356,6.132699,.3016427
"Michigan",2015,"Public 2-year",-3.147025,-.3644897,-2.260173,-1.218071,.4483487,.0914665,5.586509,.8634351
"Michigan",2016,"Public 2-year",-4.151997,.0783646,-1.080844,-1.317691,.4526004,.0814548,5.233796,.704316
"Michigan",2017,"Public 2-year",-4.122615,.3124586,-1.429336,-1.387543,.4048103,.0779255,5.257911,.8863899
"Minnesota",2009,"For-Profit 2-year",-11.46464,-2.325018,1.753064,-.686019,.2241605,,10.61992,2.274134
"Minnesota",2010,"For-Profit 2-year",-6.511616,-2.783805,2.329108,-.6717424,.1027987,.0574005,7.114933,.3629216
"Minnesota",2011,"For-Profit 2-year",-12.23752,-1.832507,6.471838,-.3903805,.3082544,.1919249,6.788966,.6994279
"Minnesota",2012,"For-Profit 2-year",-10.44047,-2.601501,4.072494,-.2172317,.3710661,.1805662,8.030176,.6049013
"Minnesota",2013,"For-Profit 2-year",-9.821197,-2.730023,3.806846,-.6459856,.2749313,.1331892,8.19805,.7841899
"Minnesota",2014,"For-Profit 2-year",-10.09262,-3.019156,5.10626,-1.023572,.2825622,.2066074,8.09188,.4480351
"Minnesota",2015,"For-Profit 2-year",-7.588523,-3.01321,4.801136,-1.015657,.4152436,.2159591,6.74187,-.5568188
"Minnesota",2016,"For-Profit 2-year",-9.370246,-3.939689,5.078722,-.6040171,.9545293,.1941524,9.44374,-1.757193
"Minnesota",2017,"For-Profit 2-year",-12.24311,-1.35743,5.985374,-.9494241,-.5244958,.1744329,11.21435,-2.2997
"Minnesota",2009,"Public 2-year",-7.274922,-2.157535,8.188275,1.793113,.7803327,,.13182,
"Minnesota",2010,"Public 2-year",-6.604339,-.5190083,4.750737,.0770106,.3154576,.0412558,-.5114524,2.450339
"Minnesota",2011,"Public 2-year",-9.459706,.0457899,5.754996,.5899962,.2534999,.0662931,.1224404,2.62669
"Minnesota",2012,"Public 2-year",-10.2185,.2990547,6.357213,.553068,.4266412,.0778151,-.0964692,2.601174
"Minnesota",2013,"Public 2-year",-10.46464,.5494458,6.367978,.87037,.3917397,.0618219,-.3769132,2.600197
"Minnesota",2014,"Public 2-year",-11.44984,.7949882,6.625791,1.146119,.4511507,.0734423,-.0386874,2.397031
"Minnesota",2015,"Public 2-year",-12.2359,1.478665,6.941589,1.161328,.462358,.0881007,.0753931,2.028465
"Minnesota",2016,"Public 2-year",-12.65303,2.00349,6.809862,1.313697,.3523497,.0774505,-.0019234,2.098106
"Minnesota",2017,"Public 2-year",-13.00879,2.229522,7.30825,1.073843,.2783906,.0667385,-.2385853,2.290628
"Mississippi",2009,"For-Profit 2-year",-28.95557,-.9647833,32.59783,-1.433253,-.170974,,-.4793813,-.545105
"Mississippi",2010,"For-Profit 2-year",-19.89791,-1.610266,22.60827,-.9060301,-.1898996,-.0693728,1.010242,-.9450344
"Mississippi",2011,"For-Profit 2-year",-21.55012,-1.92728,25.66942,-1.221101,-.20009,.0108431,-.5936537,-.1880169
"Mississippi",2012,"For-Profit 2-year",-21.86627,-2.507328,26.24316,-1.57738,-.1189558,.1455501,-.2189183,-.0998597
"Mississippi",2013,"For-Profit 2-year",-24.10233,-2.722731,28.98938,-1.880271,.1224972,.0395345,-.3304546,-.1156252
"Mississippi",2014,"For-Profit 2-year",-25.55845,-1.823112,27.37909,-1.525025,.0278105,.0468969,1.66565,-.2128586
"Mississippi",2015,"For-Profit 2-year",-26.78777,-1.173977,28.20673,-1.671154,-.1989306,-.0108017,2.116769,-.4808688
"Mississippi",2016,"For-Profit 2-year",-30.7478,-1.85537,30.94857,-1.394983,-.2060669,-.023381,3.884633,-.6056051
"Mississippi",2017,"For-Profit 2-year",-31.35465,-1.890414,31.9486,-2.11989,-.1233869,.1337818,3.131606,.2743481
"Mississippi",2009,"Public 2-year",5.08092,-2.400299,-1.238266,-1.079922,.1085551,,.1428571,
"Mississippi",2010,"Public 2-year",-3.092447,-2.163949,5.614059,-.3441376,-.0845962,.0988532,.5982033,-.6259841
"Mississippi",2011,"Public 2-year",-4.44357,-2.116143,5.112193,-.3032667,-.073769,.0775682,2.223549,-.4765614
"Mississippi",2012,"Public 2-year",-2.156386,-2.137178,4.060447,-.2962758,-.0515595,.0769588,.8671771,-.3631822
"Mississippi",2013,"Public 2-year",-2.808588,-1.907088,3.121432,-.2203403,-.0399829,.0998708,1.689661,.0650346
"Mississippi",2014,"Public 2-year",-2.313978,-1.817065,3.284225,-.2396306,-.0133211,.0411508,.7401391,.3184798
"Mississippi",2015,"Public 2-year",-4.181648,-1.598404,1.308193,-.3237939,-.0124022,.0551015,4.090308,.662647
"Mississippi",2016,"Public 2-year",-1.806054,-1.213639,2.072827,-.3584846,.0476346,.032643,.2855191,.9395562
"Mississippi",2017,"Public 2-year",-2.190042,-.9435897,2.039731,-.2722827,.0495081,.0459191,.493618,.7771387
"Missouri",2009,"For-Profit 2-year",-18.1451,-1.885266,14.44466,-1.289032,.0590258,,8.027504,-1.130345
"Missouri",2010,"For-Profit 2-year",-16.62298,-2.328731,15.59067,-1.693226,.0994569,.048464,5.706699,-.8003483
"Missouri",2011,"For-Profit 2-year",-18.85006,-2.088615,17.50753,-1.540305,.2947167,.4293067,4.51609,-.2686675
"Missouri",2012,"For-Profit 2-year",-17.4945,-1.781892,17.41622,-1.666951,.1614899,.1040941,3.315489,-.0539481
"Missouri",2013,"For-Profit 2-year",-18.88145,-2.08621,19.39736,-1.65853,.324432,.1218235,2.616843,.1657347
"Missouri",2014,"For-Profit 2-year",-21.08599,-2.1822,21.17082,-1.906757,.3612309,.1278074,3.09784,.4172467
"Missouri",2015,"For-Profit 2-year",-19.73372,-2.066583,19.69705,-2.046209,.4160105,.1237974,3.260293,.3493617
"Missouri",2016,"For-Profit 2-year",-20.50924,-1.554271,21.38538,-1.838679,.2748108,.1976633,2.204912,-.1605705
"Missouri",2017,"For-Profit 2-year",-20.38248,-.9448818,21.38561,-2.159495,.4993888,.1847778,1.323075,.0939996
"Missouri",2009,"Public 2-year",-4.4065,-.2760562,1.113313,-.2928995,.445575,,4.429499,.4280804
"Missouri",2010,"Public 2-year",-1.44329,-.9071115,.6674392,-.9636673,.214529,.0072291,2.707586,-.2827155
"Missouri",2011,"Public 2-year",-1.155215,-.6990342,.9750986,-.9353021,.1610309,.0539876,1.943805,-.3443718
"Missouri",2012,"Public 2-year",2.090887,-.7182192,-2.510556,-.6247259,.0578154,.0412325,1.219073,.4444928
"Missouri",2013,"Public 2-year",1.91099,-.3670116,-2.469104,-.5112796,.0736276,.0159244,.8541255,.4927261
"Missouri",2014,"Public 2-year",1.720919,-.1926179,-3.353023,-.3706194,.1345904,.0207899,.90529,1.13467
"Missouri",2015,"Public 2-year",1.662876,.3553098,-4.099563,-.3660032,.126811,.0168482,.7179661,1.585757
"Missouri",2016,"Public 2-year",.2267529,.5062879,-3.788393,-.3866926,.0245585,.0675125,1.281109,2.068865
"Missouri",2017,"Public 2-year",-.0213013,.5553553,-3.909797,-.4576998,.0308231,.0462101,1.54817,2.208241
"Montana",2009,"Public 2-year",-4.247522,-.2683889,-.3583824,.7631832,2.104547,,4.665113,
"Montana",2010,"Public 2-year",-10.75296,-.4689816,.2994715,.1170608,8.016045,.0602931,4.291994,-1.562926
"Montana",2011,"Public 2-year",-12.83362,-.4141923,.3730289,.1678652,7.960567,.0082766,5.639219,-.9011419
"Montana",2012,"Public 2-year",-11.09827,-.3763809,.2598726,.2061312,7.570922,.0524417,4.686882,-1.301596
"Montana",2013,"Public 2-year",-11.33702,-.5150063,.2600057,.1245696,8.135419,.0894975,3.946552,-.7040195
"Montana",2014,"Public 2-year",-11.02037,-.7305568,.2803667,.2650352,7.951882,.1119314,4.146293,-1.004578
"Montana",2015,"Public 2-year",-10.37328,-.8091393,.1054302,.2855452,7.854107,-.0290416,3.996585,-1.030205
"Montana",2016,"Public 2-year",-10.90651,-.9569342,.1310955,.3720097,7.991746,.0864737,4.39731,-1.115194
"Montana",2017,"Public 2-year",-9.784166,-1.405723,.5342931,.1922403,7.370557,.0336221,4.163402,-1.104224
"Nebraska",2009,"For-Profit 2-year",-31.64045,-4.385008,3.07335,-1.609241,-.2672831,,36.6377,-1.638336
"Nebraska",2010,"For-Profit 2-year",-27.10807,-5.898953,5.930681,-1.811916,.1973472,.0260452,29.8359,-1.171032
"Nebraska",2011,"For-Profit 2-year",-12.03412,-3.508677,8.791539,-1.511182,.5484633,.1393145,8.68609,-1.111424
"Nebraska",2012,"For-Profit 2-year",-7.276925,-1.504008,10.01509,-1.419112,.4659128,.2384019,.6084158,-1.127778
"Nebraska",2013,"For-Profit 2-year",-9.416052,-1.515399,13.54242,-1.172966,.0637634,.0781857,-.3360539,-1.243893
"Nebraska",2014,"For-Profit 2-year",-8.587961,-1.899934,12.49139,-1.801551,.0134117,.1293266,.5414304,-.886112
"Nebraska",2015,"For-Profit 2-year",-12.30999,-2.870131,13.05774,-1.977909,.0199388,.0491676,3.331264,.699909
"Nebraska",2016,"For-Profit 2-year",-12.34077,-3.996031,9.537093,-1.897817,.450785,.1871305,7.521915,.5376947
"Nebraska",2017,"For-Profit 2-year",-6.726076,-1.535523,9.2795,-1.984664,-.1192472,.5723673,-.0948369,.6084802
"Nebraska",2009,"Public 2-year",-.9772237,-2.144269,3.285408,-.3537501,.3192281,,1.383587,-1.29867
"Nebraska",2010,"Public 2-year",2.288127,-2.992331,2.609025,-.7143025,.0610414,.0818172,-.3541813,-.9791964
"Nebraska",2011,"Public 2-year",-1.571251,-2.016531,2.772488,-.8212952,.8874624,.1193882,1.249727,-.6199889
"Nebraska",2012,"Public 2-year",.6220288,-2.661501,2.51433,-.6600682,.6147723,.0984871,.5334275,-1.061476
"Nebraska",2013,"Public 2-year",-.5970104,-2.147356,2.436821,-.6628699,.6426715,.107112,1.131616,-.910984
"Nebraska",2014,"Public 2-year",-1.364148,-1.387296,2.003788,-.5516676,.4709442,.1131568,.8145835,-.0993624
"Nebraska",2015,"Public 2-year",-2.658057,-1.122703,1.730656,-.6325564,.6531422,.1435056,1.628178,.2578345
"Nebraska",2016,"Public 2-year",-3.655329,-.3840412,1.630331,-.6208118,.7840685,.0555142,1.557628,.6326396
"Nebraska",2017,"Public 2-year",-4.518076,.4602886,1.261007,-.7179512,.5779339,.0438142,2.315048,.5779375
"Nevada",2009,"For-Profit 2-year",-10.40111,-6.28661,8.390388,3.965189,.7900925,,2.954099,1.031176
"Nevada",2010,"For-Profit 2-year",-4.721439,-3.695326,6.536815,2.398216,.5793405,.2130804,-1.111477,-.1992085
"Nevada",2011,"For-Profit 2-year",-6.877474,-4.16353,6.486705,1.64259,.7871494,1.257008,.3479314,.5196215
"Nevada",2012,"For-Profit 2-year",-4.474651,-5.398299,6.60526,1.13071,.9456059,1.801989,-1.554696,.9440819
"Nevada",2013,"For-Profit 2-year",-4.54445,-4.841265,7.008708,1.70607,.81743,1.785373,-3.335588,1.403723
"Nevada",2014,"For-Profit 2-year",-5.500837,-2.243964,7.205705,1.375861,.8344865,1.786388,-4.471797,1.014156
"Nevada",2015,"For-Profit 2-year",-5.982946,-1.641211,6.024608,1.919869,.7300547,1.4863,-5.110237,2.573563
"Nevada",2016,"For-Profit 2-year",-6.791518,1.311196,4.324144,1.039607,.087885,1.080895,-.7638776,-.2883307
"Nevada",2017,"For-Profit 2-year",-7.038762,4.979712,8.425182,.770874,-.2189047,1.138399,-8.119695,.0631929
"Nevada",2009,"Public 2-year",.3409008,-3.954857,2.037252,3.589053,.1828096,,-1.910136,.1238739
"Nevada",2010,"Public 2-year",4.949035,-.7826653,1.97341,.1688541,.1894884,1.378852,-7.178749,-.698225
"Nevada",2011,"Public 2-year",-1.751643,-4.041947,2.381952,-.0840758,.3083846,1.119076,1.748279,.3199749
"Nevada",2012,"Public 2-year",-2.223664,-2.074932,1.431339,.2109753,.1874684,.8948222,.2757425,1.29825
"Nevada",2013,"Public 2-year",-2.163047,-.6573127,1.14122,.1677079,.1812915,.8925146,-.5638568,1.001483
"Nevada",2014,"Public 2-year",-2.727173,-.160135,1.704714,.1258799,.1160939,.7278603,-1.009913,1.222673
"Nevada",2015,"Public 2-year",-3.143299,1.100031,1.183499,.4138143,.0140761,.6702459,-1.639353,1.400988
"Nevada",2016,"Public 2-year",-4.225983,3.062182,.8086182,.3539347,-.1159287,.6481029,-2.106496,1.575571
"Nevada",2017,"Public 2-year",-4.701002,4.651646,.4751601,.1004593,-.1309059,.4594785,-2.534384,1.679548
"New Hampshire",2009,"For-Profit 2-year",-43.49991,7.377177,.596246,-1.270584,-.0018148,,37.43372,-.5992554
"New Hampshire",2010,"For-Profit 2-year",-35.16156,6.476052,.7143527,-1.598802,.1470185,-.0369532,30.38239,-.922507
"New Hampshire",2011,"For-Profit 2-year",-23.70478,10.87271,1.888165,-1.387521,.3361853,-.0043796,13.09285,-1.09322
"New Hampshire",2012,"For-Profit 2-year",-18.05931,9.789285,1.290233,-1.488616,.5830787,.0500207,9.122394,-1.287081
"New Hampshire",2013,"For-Profit 2-year",-15.01941,11.43842,1.023004,-1.86552,.232457,.2453359,5.350295,-1.404584
"New Hampshire",2014,"For-Profit 2-year",-22.30368,16.52905,5.782134,-1.642797,.3327416,.1724514,2.674714,-1.544606
"New Hampshire",2015,"For-Profit 2-year",-25.61713,12.31923,9.155688,-2.094248,.3608619,.109659,6.545594,-.779655
"New Hampshire",2009,"Public 2-year",-9.990542,-.995038,.7429555,-.1152181,.275742,,11.00667,
"New Hampshire",2010,"Public 2-year",-22.49069,-.6500686,.1410495,-1.431641,.1633506,.0338533,24.59592,-.3617727
"New Hampshire",2011,"Public 2-year",-16.18201,-.4379211,.2147485,-1.048705,.2411918,.098694,17.23472,-.12072
"New Hampshire",2012,"Public 2-year",-10.2824,.2463816,.2349724,-.6570674,.2636806,.1085488,10.06804,.0178478
"New Hampshire",2013,"Public 2-year",-8.720936,-.0863268,.4958796,-.5997719,.2974535,.1104586,8.317657,.1855858
"New Hampshire",2014,"Public 2-year",-10.64899,-.2625241,.4854555,-.6132763,.2454101,.0593834,10.78762,-.0530783
"New Hampshire",2015,"Public 2-year",-10.13056,.1746659,-.1133443,-.6286404,.2043714,.1045655,9.87953,.5094097
"New Hampshire",2016,"Public 2-year",-8.267792,-.1695204,.131474,-.9067097,.1942595,.1656779,8.24396,.6086503
"New Hampshire",2017,"Public 2-year",-7.744763,.5664125,.7050967,-1.284884,.3323306,.5736964,6.621662,.230449
"New Jersey",2009,"For-Profit 2-year",-16.57365,9.48798,10.76744,-.4096435,-.2260812,,-1.631401,-1.348781
"New Jersey",2010,"For-Profit 2-year",-6.265437,-2.057322,18.39446,-2.432935,-.1239955,.2726655,-5.245389,-2.54205
"New Jersey",2011,"For-Profit 2-year",-11.19915,-2.928727,24.8203,-4.086736,-.0949954,.4103249,-5.88721,-1.03381
"New Jersey",2012,"For-Profit 2-year",-14.44421,-4.983121,29.65963,-5.650615,-.0086172,.9312856,-4.315653,-1.188701
"New Jersey",2013,"For-Profit 2-year",-16.79239,-5.119467,32.12252,-6.104406,.0649044,.8709465,-3.22474,-1.817364
"New Jersey",2014,"For-Profit 2-year",-25.33518,3.382318,22.35428,-6.443092,.0125662,.5007261,7.386293,-1.857914
"New Jersey",2015,"For-Profit 2-year",-26.50637,6.181833,19.551,-6.366959,-.0425934,.5471724,8.381881,-1.745966
"New Jersey",2016,"For-Profit 2-year",-25.55325,5.237987,21.37856,-6.341976,.026366,.5916721,6.25564,-1.595003
"New Jersey",2017,"For-Profit 2-year",-24.70584,4.774194,22.45918,-6.642705,.0816708,.4398391,4.835394,-1.241743
"New Jersey",2009,"Public 2-year",-7.141765,2.885338,1.190929,-1.645337,.0795773,,5.839168,-1.152407
"New Jersey",2010,"Public 2-year",-4.816396,1.782668,2.422827,-3.782694,.0244829,.4634004,5.785834,-1.880122
"New Jersey",2011,"Public 2-year",-5.712717,2.714562,2.535412,-3.543082,.1238616,.3890986,4.313328,-.8204627
"New Jersey",2012,"Public 2-year",-5.498588,3.169855,2.412492,-3.66908,.0926829,.3226258,3.86285,-.6928396
"New Jersey",2013,"Public 2-year",-5.881909,3.524111,2.884552,-3.966518,.1920576,.3260836,3.672853,-.751232
"New Jersey",2014,"Public 2-year",-5.452571,4.0389,2.251549,-3.828666,.1936094,.3177172,3.023608,-.5441459
"New Jersey",2015,"Public 2-year",-5.308854,4.507709,1.997401,-3.82007,.2235086,.2607192,2.434211,-.2946244
"New Jersey",2016,"Public 2-year",-5.346499,4.780998,1.129343,-3.809725,.2268541,.2334599,2.990273,-.2047047
"New Jersey",2017,"Public 2-year",-5.246487,5.305418,.6782091,-3.698817,.2272392,.2361463,2.669449,-.1711578
"New Mexico",2009,"For-Profit 2-year",-17.4461,-1.633252,-.0422658,-1.537926,6.369074,,3.250734,14.04485
"New Mexico",2010,"For-Profit 2-year",-11.77283,-.3479665,.5868168,-1.450956,5.894166,.0176933,7.982135,-.9090642
"New Mexico",2011,"For-Profit 2-year",-7.222048,5.722494,1.502559,-.8912596,6.012686,.0772513,-5.34305,.1413673
"New Mexico",2012,"For-Profit 2-year",-6.743346,7.297269,2.530386,-.9779741,7.719671,.0784215,-9.991979,.0875502
"New Mexico",2013,"For-Profit 2-year",-5.850991,5.984624,1.905264,-.7062232,8.877408,-.0104224,-10.93118,.7315219
"New Mexico",2014,"For-Profit 2-year",-7.601253,9.946079,1.546501,-.869386,8.628235,.0270815,-10.70651,-.9707469
"New Mexico",2015,"For-Profit 2-year",-7.222826,9.508696,1.184994,-.4891325,8.882833,.0321537,-10.61043,-1.286283
"New Mexico",2016,"For-Profit 2-year",-10.87804,12.48562,.8062502,-.6617638,10.9596,-.0369348,-11.10466,-1.570061
"New Mexico",2017,"For-Profit 2-year",-13.4998,15.40756,-.1402751,-.9069313,10.87827,.1279869,-10.2398,-1.627015
"New Mexico",2009,"Public 2-year",-4.127472,5.240318,.8152798,-.1551649,4.575943,,-4.275045,
"New Mexico",2010,"Public 2-year",.8837112,5.101743,1.177621,-.1275042,2.552537,.1215141,-7.944965,-1.764656
"New Mexico",2011,"Public 2-year",-1.722033,2.786716,.8577378,-.2399943,4.606008,.2169006,-6.074837,-.4304979
"New Mexico",2012,"Public 2-year",-2.831815,3.48396,.8258657,-.2026814,5.421762,.2116961,-6.172239,-.7365491
"New Mexico",2013,"Public 2-year",-3.480198,3.412866,.8813865,-.314269,5.713147,.176599,-5.630361,-.7591701
"New Mexico",2014,"Public 2-year",-3.779011,3.064763,.5690312,-.2736971,6.44581,.1824192,-5.364206,-.845109
"New Mexico",2015,"Public 2-year",-3.770084,3.982666,.4407258,-.2692017,5.435434,.1492919,-5.051663,-.9171681
"New Mexico",2016,"Public 2-year",-3.844617,4.099633,.4323642,-.2325777,5.147358,.1263883,-4.951991,-.7765594
"New Mexico",2017,"Public 2-year",-3.877763,4.135301,.4109934,-.1331531,4.823162,.132764,-4.674172,-.8171316
"New York",2009,"For-Profit 2-year",-24.82607,9.478172,17.40607,-4.494099,.0258143,,3.437871,.2340876
"New York",2010,"For-Profit 2-year",-20.73689,8.052017,17.19844,-5.190844,-.1051802,.0584653,2.251924,-1.527926
"New York",2011,"For-Profit 2-year",-21.64181,8.705335,16.44842,-5.217313,.0744438,.0770568,1.708994,-.1551288
"New York",2012,"For-Profit 2-year",-22.73891,7.289323,15.30722,-5.696481,.0827369,.1003428,6.117689,-.4619166
"New York",2013,"For-Profit 2-year",-22.32973,8.366723,17.12296,-5.941402,.0487668,.1182818,3.093103,-.4786941
"New York",2014,"For-Profit 2-year",-22.41942,7.845563,18.30615,-5.912043,.1100935,.2092699,2.207964,-.3475848
"New York",2015,"For-Profit 2-year",-22.13939,6.714007,19.17946,-6.003384,.1089557,.1915463,2.239747,-.2909448
"New York",2016,"For-Profit 2-year",-19.02912,5.271272,16.19385,-4.704824,.0954249,.1555208,2.030857,-.0129845
"New York",2017,"For-Profit 2-year",-19.33785,4.603657,15.33,-3.164866,.0732398,.1420614,2.142088,.21167
"New York",2009,"Public 2-year",-6.263294,2.113657,6.155313,-.5979878,.1971856,,-.5723649,-.6527164
"New York",2010,"Public 2-year",-4.270962,1.816384,4.971887,-1.195847,-.0133407,.112744,.2559973,-1.676862
"New York",2011,"Public 2-year",-6.228175,3.215977,5.357667,-1.170055,.0874616,.14613,-.6693673,-.739639
"New York",2012,"Public 2-year",-6.708297,4.143397,5.364119,-1.044648,.0982317,.1835726,-1.429525,-.6068506
"New York",2013,"Public 2-year",-7.142648,5.376168,5.164563,-1.040593,.1347506,.1848955,-2.108866,-.5682704
"New York",2014,"Public 2-year",-6.395993,6.412681,3.545956,-1.443482,.1233956,.2032278,-2.1351,-.3106852
"New York",2015,"Public 2-year",-8.195826,7.18155,3.609318,-1.344288,.1466015,.1893762,-1.274169,-.3125637
"New York",2016,"Public 2-year",-8.091678,7.676722,3.80836,-1.227482,.1792575,.1864429,-2.207361,-.3242618
"New York",2017,"Public 2-year",-9.984906,8.136521,5.493495,-.7630137,.1347301,.1712312,-2.903381,-.2846767
"North Carolina",2009,"For-Profit 2-year",-17.79422,-1.892996,20.47923,-.6704546,-.1309657,,.54966,-.107807
"North Carolina",2010,"For-Profit 2-year",-18.82154,-3.451345,26.6428,-1.500778,-.5458806,-.0964644,-.9783085,-1.248482
"North Carolina",2011,"For-Profit 2-year",-24.51181,-3.430805,25.02801,-1.930931,-.4557959,-.0387249,5.952199,-.6121408
"North Carolina",2012,"For-Profit 2-year",-26.28828,-2.475937,23.83537,-1.636358,-.4602085,-.0433922,7.135004,-.066202
"North Carolina",2013,"For-Profit 2-year",-25.3616,-2.416916,27.26511,-1.82238,1.300466,.2062698,1.421062,-.592007
"North Carolina",2014,"For-Profit 2-year",-27.10212,-2.620763,31.51876,-1.840968,-.1852023,.1957305,.2882262,-.2536688
"North Carolina",2015,"For-Profit 2-year",-29.0633,-3.388226,32.61936,-1.992492,-.433559,.2286179,-.4846931,2.514294
"North Carolina",2016,"For-Profit 2-year",-27.26216,-4.286357,34.35285,-2.182504,-.1264028,.1253538,-.6638646,.0430816
"North Carolina",2017,"For-Profit 2-year",-27.31487,-2.604355,31.97862,-2.521649,.1744174,.1834657,.4618212,-.3574481
"North Carolina",2009,"Public 2-year",2.160677,-2.900855,-.085676,-.3972171,1.250503,,1.641578,-1.080166
"North Carolina",2010,"Public 2-year",-.356452,-4.786398,3.86094,-1.3782,.5346497,.0075447,3.296757,-1.178841
"North Carolina",2011,"Public 2-year",-3.471246,-3.642402,5.071921,-1.1555,.7185757,.0377719,3.110577,-.6696978
"North Carolina",2012,"Public 2-year",-2.775483,-3.184162,4.061861,-1.283915,.6806533,.0764657,2.977616,-.5530366
"North Carolina",2013,"Public 2-year",-3.178265,-2.560368,3.902876,-1.140405,.6491914,.1000177,2.39711,-.1701567
"North Carolina",2014,"Public 2-year",-3.005559,-2.033334,3.215753,-1.106151,.6163148,.0962511,2.067838,.1488879
"North Carolina",2015,"Public 2-year",-2.201418,-1.187029,1.376354,-1.037982,.6097834,.1074903,1.964031,.3687698
"North Carolina",2016,"Public 2-year",-2.669124,-.0454025,.7921744,-1.026404,.561093,.0675354,1.83348,.4866471
"North Carolina",2017,"Public 2-year",-2.662114,.64514,.2104159,-.9271423,.5685637,.0972575,1.455771,.6121072
"North Dakota",2009,"For-Profit 2-year",.1335204,-.7203258,1.537278,-.8828536,1.344001,,-.9980274,-.2501185
"North Dakota",2010,"For-Profit 2-year",1.470762,-1.225285,.3824573,-1.079589,1.464157,.584305,-.6725375,-.9242738
"North Dakota",2011,"For-Profit 2-year",1.294184,-.8887135,.475828,-1.08648,1.322929,.1621338,-.6632316,-.6166489
"North Dakota",2012,"For-Profit 2-year",-24.66814,-1.259343,-1.03204,-1.665354,-.2691585,.2371515,29.51404,-.8571524
"North Dakota",2013,"For-Profit 2-year",-42.26016,-1.926682,-1.257497,-2.123501,-.5531182,.294232,49.24847,-1.421743
"North Dakota",2014,"For-Profit 2-year",-18.8574,-1.272094,-.3383465,-1.654065,.5559145,.0959598,22.35823,-.8882085
"North Dakota",2015,"For-Profit 2-year",-9.247171,-1.724482,1.995267,-1.315699,1.460518,-.0498339,9.587674,-.7062711
"North Dakota",2016,"For-Profit 2-year",-9.178472,-2.499083,.9485453,-1.426597,1.760495,-.0480679,11.88422,-1.441036
"North Dakota",2017,"For-Profit 2-year",-17.74341,-.1623694,3.656881,-1.031933,-1.525485,-.0900901,18.95941,-2.063003
"North Dakota",2009,"Public 2-year",-11.66139,-.7782307,.08178,-.1728637,5.316198,,8.048453,-.7618209
"North Dakota",2010,"Public 2-year",-5.060252,-.4266021,1.843746,-.0994503,.2014625,.0141636,3.851475,-.3245414
"North Dakota",2011,"Public 2-year",-7.730171,.1747967,2.415814,-.248352,.9401493,-.0812315,4.419952,.1090417
"North Dakota",2012,"Public 2-year",-9.061411,.5492483,2.977143,-.09764,1.252418,-.0970553,3.78933,.6879667
"North Dakota",2013,"Public 2-year",-8.304567,.5328405,3.483509,-.2630564,.7482945,.0081235,2.77783,1.017027
"North Dakota",2014,"Public 2-year",-7.980078,.2814496,4.547478,-.1614896,-.4905116,.1058994,2.660721,1.036532
"North Dakota",2015,"Public 2-year",-9.197982,.7022172,4.204408,-.1076698,.2104955,.1231068,2.775885,1.289539
"North Dakota",2016,"Public 2-year",-9.378242,.6449249,3.704617,-.2003122,1.319347,.1182928,2.923231,.8681414
"North Dakota",2017,"Public 2-year",-9.30011,.8519387,3.557101,-.2476211,1.333446,.0925207,2.243856,1.468867
"Ohio",2009,"For-Profit 2-year",-22.54428,-.4808707,17.84292,-1.219247,.0946045,,7.060462,-.6124026
"Ohio",2010,"For-Profit 2-year",-19.28526,-1.30402,15.88753,-1.753895,.1141778,.0055698,7.063584,-.7276862
"Ohio",2011,"For-Profit 2-year",-21.08256,-1.064877,15.34778,-1.755815,.1471323,.047049,8.660512,-.2992176
"Ohio",2012,"For-Profit 2-year",-21.31713,-.9413454,15.10774,-1.643332,.1665193,.0570024,8.858034,-.2874807
"Ohio",2013,"For-Profit 2-year",-22.81013,-.7545657,14.91563,-1.67204,.1668732,.0502423,10.41508,-.3110864
"Ohio",2014,"For-Profit 2-year",-22.26441,-.8664566,18.0032,-1.645463,.1314073,.2009888,6.43251,.0082233
"Ohio",2015,"For-Profit 2-year",-21.63326,-.7212486,19.05551,-1.820472,.1632925,.4498762,4.318991,.1873102
"Ohio",2016,"For-Profit 2-year",-20.6069,-.6052753,17.40416,-1.965245,.21101,.0935955,5.651381,-.1827271
"Ohio",2017,"For-Profit 2-year",-19.78232,-.6563535,17.88774,-1.734669,.0363078,.0086527,4.432945,-.1922976
"Ohio",2009,"Public 2-year",-2.842927,-.7620988,-.0541685,-.5717087,.3097686,,4.960632,-.6284682
"Ohio",2010,"Public 2-year",-1.701928,-1.028717,.4326446,-1.00731,.2518789,.0179709,3.702909,-.6674489
"Ohio",2011,"Public 2-year",-3.282445,-.7113165,.6414055,-.9778423,.2993764,.0341449,4.153019,-.156342
"Ohio",2012,"Public 2-year",-3.919646,-.5726697,-.1904075,-1.00824,.2170216,.0548451,5.245901,.173196
"Ohio",2013,"Public 2-year",-3.355349,-.6682664,-.0084596,-.9690173,.2125381,.0535886,4.211921,.5230449
"Ohio",2014,"Public 2-year",-3.510022,-.4188806,-.2434695,-.9793549,.2097001,.0594604,4.24313,.6394373
"Ohio",2015,"Public 2-year",-3.861531,-.2441609,-1.058763,-.9882242,.2043168,.0631911,5.168913,.7162592
"Ohio",2016,"Public 2-year",-3.748456,.0067916,-1.033315,-.9571922,.1935672,.057682,4.526849,.9540733
"Ohio",2017,"Public 2-year",-4.079633,.4711828,-.8522938,-.9650159,.2131514,.0729962,4.12176,1.017851
"Oklahoma",2009,"For-Profit 2-year",-4.127751,-1.073904,8.042226,-.607752,1.496414,,.5034353,-3.87788
"Oklahoma",2010,"For-Profit 2-year",.4095003,-2.806711,8.438368,-.886427,.0250468,-.0664751,-1.552091,-3.56121
"Oklahoma",2011,"For-Profit 2-year",-3.712308,-1.163201,7.91543,-.6730725,.8559657,.0077173,.8064373,-4.036969
"Oklahoma",2012,"For-Profit 2-year",-8.318891,-.9830918,9.189283,-.9198292,1.502499,-.0112513,3.565711,-4.02443
"Oklahoma",2013,"For-Profit 2-year",-8.959241,-1.139062,11.34728,-1.171366,2.708895,.0217039,.7273111,-3.535523
"Oklahoma",2014,"For-Profit 2-year",-11.59669,-.2296764,11.79286,-1.087699,2.896101,.0091227,.9371725,-2.721193
"Oklahoma",2015,"For-Profit 2-year",-17.7136,-1.783327,9.995937,-1.477251,1.446655,.0193127,13.44637,-3.934098
"Oklahoma",2016,"For-Profit 2-year",-15.50006,1.861492,10.33895,-1.351304,1.821249,.1300261,3.351523,-.6518831
"Oklahoma",2017,"For-Profit 2-year",-14.78128,.6265054,6.751873,-.9729607,2.689467,.2321977,6.571516,-1.117315
"Oklahoma",2009,"Public 2-year",3.185909,-5.240053,.2101353,.2226615,4.929342,,1.800139,-4.724932
"Oklahoma",2010,"Public 2-year",1.526114,-5.403894,1.610073,.0401587,4.200788,.0765407,-.4503807,-1.599398
"Oklahoma",2011,"Public 2-year",-1.653177,-4.782316,1.791744,-.0649918,5.0511,.0511515,2.190958,-2.584471
"Oklahoma",2012,"Public 2-year",-2.570013,-4.508565,2.073001,-.1688699,4.970321,.0788037,2.642563,-2.517242
"Oklahoma",2013,"Public 2-year",-3.915958,-3.603121,1.395394,-.0496465,4.755558,.0532826,2.769865,-1.405375
"Oklahoma",2014,"Public 2-year",-3.662792,-3.245822,.9739138,.0861919,3.870384,.0338574,2.053694,-.1094264
"Oklahoma",2015,"Public 2-year",-5.94181,-2.636851,.525951,-.0629034,3.478667,.0682468,2.849228,1.719473
"Oklahoma",2016,"Public 2-year",-8.271571,-2.233004,-.1778187,-.2918936,3.200489,.0808838,4.394976,3.29794
"Oklahoma",2017,"Public 2-year",-7.642622,-1.944871,.016019,-.3869777,2.979047,.0417948,3.138752,3.798857
"Oregon",2009,"For-Profit 2-year",-1.187937,-1.525978,2.815813,-1.739816,.4137664,,2.991117,-1.257027
"Oregon",2010,"For-Profit 2-year",-6.166655,-2.963458,1.199191,-2.652018,.3423381,.4423226,11.19622,-1.397942
"Oregon",2011,"For-Profit 2-year",-3.211084,-1.148428,2.424996,-2.702385,.660474,.8920254,3.165149,-.080746
"Oregon",2012,"For-Profit 2-year",-3.177807,-.5435169,2.754115,-2.522001,.6655288,.4800647,2.99751,-.6538925
"Oregon",2013,"For-Profit 2-year",-1.789327,-1.159717,2.543407,-2.337366,1.107167,.61853,1.686947,-.6696418
"Oregon",2014,"For-Profit 2-year",-5.311791,1.293832,3.165229,-2.418224,1.191247,.5234687,1.312154,.2440853
"Oregon",2015,"For-Profit 2-year",-5.540673,1.6448,2.638613,-1.519853,.5805065,.5066085,2.299166,-.609169
"Oregon",2016,"For-Profit 2-year",-23.6639,4.252736,3.116155,-1.47458,.4950388,.4053884,17.08547,-.2163087
"Oregon",2017,"For-Profit 2-year",-3.095725,5.296367,3.266107,-2.939169,.4920242,.1554867,-2.459156,-.7159368
"Oregon",2009,"Public 2-year",-2.914999,-4.149609,1.002431,.9069314,.1718423,,7.87368,-2.573863
"Oregon",2010,"Public 2-year",-5.542453,-3.623717,.9731715,-.4643913,.5093541,.0327331,9.733081,-1.617777
"Oregon",2011,"Public 2-year",-6.660701,-1.652016,1.000092,-.9183451,.5092239,.1465726,8.236693,-.6615185
"Oregon",2012,"Public 2-year",-5.763567,-.6799771,1.221604,-1.204619,.5530144,.2134792,5.565081,.0949852
"Oregon",2013,"Public 2-year",-6.967788,.2099538,1.106259,-1.321272,.5398318,.1462648,5.782521,.5042285
"Oregon",2014,"Public 2-year",-7.962421,.693208,1.147153,-1.191589,.4507505,.1980411,5.829268,.8355901
"Oregon",2015,"Public 2-year",-9.595228,1.610715,.8855411,-1.097756,.3870453,.1583552,6.541129,1.110199
"Oregon",2016,"Public 2-year",-11.97927,2.200969,.6010073,-1.077599,.29848,.12745,8.745645,1.083318
"Oregon",2017,"Public 2-year",-12.10103,3.019425,.5650107,-1.209039,.3110023,.2097107,8.016472,1.188445
"Pennsylvania",2009,"For-Profit 2-year",-15.97552,3.156354,9.246327,-1.289028,.1088236,,5.459291,-.5258265
"Pennsylvania",2010,"For-Profit 2-year",-12.58791,2.797517,9.111001,-2.234456,.1191831,.0373655,3.404765,-.6474686
"Pennsylvania",2011,"For-Profit 2-year",-15.08806,3.796686,8.567945,-2.099061,.1400194,.061987,4.721162,-.1006744
"Pennsylvania",2012,"For-Profit 2-year",-14.18318,3.660304,9.133119,-2.144315,.1532003,.0419832,3.180237,.158651
"Pennsylvania",2013,"For-Profit 2-year",-13.27243,4.339776,8.698452,-2.252669,.1079682,.1023561,1.492151,.7843946
"Pennsylvania",2014,"For-Profit 2-year",-12.73345,4.56695,8.744157,-2.394,.1243488,.0654986,1.030145,.5963535
"Pennsylvania",2015,"For-Profit 2-year",-12.23715,3.888083,6.464571,-2.421073,.0026419,.0568435,.2417577,4.004325
"Pennsylvania",2016,"For-Profit 2-year",-12.60711,3.830591,6.370896,-2.475026,.0075008,.0369459,4.383788,.4524149
"Pennsylvania",2017,"For-Profit 2-year",-11.14529,5.510288,7.234612,-2.415277,.0871109,.0846047,.3146582,.3292976
"Pennsylvania",2009,"Public 2-year",-4.023941,-.5415068,-.7190207,-.6968802,.2180821,,6.447807,-.4395193
"Pennsylvania",2010,"Public 2-year",-2.125587,-.7932649,-.0014697,-1.711485,.1340247,.0808406,5.283673,-.8667328
"Pennsylvania",2011,"Public 2-year",-5.490507,-.3755255,1.128234,-1.518973,.2441006,.1053754,6.094832,-.1875378
"Pennsylvania",2012,"Public 2-year",-5.72418,-.509357,.5594327,-1.563813,.2181519,.0891049,6.893671,.0369889
"Pennsylvania",2013,"Public 2-year",-6.400147,.468784,.9621601,-1.599319,.1609387,.0772196,6.096166,.2341981
"Pennsylvania",2014,"Public 2-year",-6.843039,.6604735,.863604,-1.590711,.1375101,.0913567,6.255806,.4249984
"Pennsylvania",2015,"Public 2-year",-6.64508,.6279986,.9308712,-1.619785,.1631876,.0974887,5.94859,.4967294
"Pennsylvania",2016,"Public 2-year",-6.133503,1.506331,1.446846,-1.311428,.094473,.0908325,3.676065,.6303844
"Pennsylvania",2017,"Public 2-year",-5.971043,2.201165,1.166291,-1.357428,.0704547,.0922762,3.024372,.7739114
"Rhode Island",2009,"Public 2-year",.9898901,-1.019958,1.614299,-.7492088,.2720665,,.6328925,-1.712312
"Rhode Island",2010,"Public 2-year",2.95881,-1.409319,1.681138,-.6907766,.1098563,-.0379986,-.103835,-2.50788
"Rhode Island",2011,"Public 2-year",.4759073,.859113,2.003817,-.6742945,.2656316,-.0369637,-1.625804,-1.267411
"Rhode Island",2012,"Public 2-year",.6754994,1.466809,1.58655,-.8724488,.2019419,-.00369,-2.128087,-.9265716
"Rhode Island",2013,"Public 2-year",-1.318961,2.697229,1.834512,-.7141221,.1759267,-.0154407,-3.682703,1.023559
"Rhode Island",2014,"Public 2-year",-1.921177,3.031428,1.849344,-.9474514,.0632063,-.0342836,-3.976056,1.934993
"Rhode Island",2015,"Public 2-year",-1.41198,2.8356,1.236513,-.9400114,-.0528408,-.0065101,-3.680135,2.019363
"Rhode Island",2016,"Public 2-year",-1.208234,2.588914,1.270445,-1.001845,-.0544341,-.0294937,-3.934368,2.369014
"Rhode Island",2017,"Public 2-year",-2.070278,3.154033,1.355036,-1.126863,-.0768979,-.046686,-3.700801,2.51246
"South Carolina",2009,"For-Profit 2-year",-28.99009,-2.220716,30.76426,-.6222107,.0761915,,1.942676,-.895233
"South Carolina",2010,"For-Profit 2-year",-27.63899,-4.395562,33.2605,-1.016146,.1482633,-.0346274,.3916179,-.7150512
"South Carolina",2011,"For-Profit 2-year",-27.40631,-3.439323,31.53192,-1.142492,.1443584,.0065334,.790897,-.4855853
"South Carolina",2012,"For-Profit 2-year",-27.03253,-3.320681,32.59112,-1.170029,.0608611,-.0312796,-.3812517,-.7162141
"South Carolina",2013,"For-Profit 2-year",-27.75264,-1.278119,30.73578,-1.157018,.0476396,-.0303263,-.1311344,-.4341807
"South Carolina",2014,"For-Profit 2-year",-28.67611,-2.482787,32.94909,-1.195769,.0659841,.058529,-.2367436,-.4821901
"South Carolina",2015,"For-Profit 2-year",-30.4082,-2.728794,34.61284,-1.318241,-.0776142,.019753,.3010544,-.4007983
"South Carolina",2016,"For-Profit 2-year",-33.86337,-3.164424,36.95315,-1.481214,-.0981374,.0327619,1.907755,-.2865192
"South Carolina",2017,"For-Profit 2-year",-36.44283,-3.678538,38.25712,-1.562346,.0087826,.0193269,3.68223,-.2837535
"South Carolina",2009,"Public 2-year",1.166964,-3.195002,.5295731,-.0122265,.0579219,,2.353111,1.327259
"South Carolina",2010,"Public 2-year",-1.636047,-3.596225,6.632523,-.290502,.0962342,.0182355,-.6467878,-.5774302
"South Carolina",2011,"Public 2-year",-4.334602,-2.977478,6.712402,-.3843625,.1657249,.0653463,.6408525,.1121164
"South Carolina",2012,"Public 2-year",-4.493987,-2.929976,6.759295,-.3154497,.2191176,.0971891,.2746362,.3891749
"South Carolina",2013,"Public 2-year",-5.461139,-2.661529,6.587041,-.3510932,.2418766,.0888507,.6616799,.8943124
"South Carolina",2014,"Public 2-year",-4.919862,-2.111176,5.399163,-.2933949,.2083195,.0844479,.6213332,1.011167
"South Carolina",2015,"Public 2-year",-4.385608,-1.786879,3.933376,-.3649482,.1865636,.0671925,1.197115,1.153188
"South Carolina",2016,"Public 2-year",-3.904326,-1.187,2.598511,-.2673179,.1430655,.0761977,1.133282,1.407587
"South Carolina",2017,"Public 2-year",-4.921158,-.758967,2.931515,-.322227,.1456921,.0735994,1.093395,1.75815
"South Dakota",2009,"For-Profit 2-year",-28.9326,-1.729041,1.238297,-.6984133,-.4487027,,30.51595,.0844745
"South Dakota",2010,"For-Profit 2-year",-1.870797,-1.388828,.4379283,-.9173612,1.297165,.3789099,2.071711,-.0087305
"South Dakota",2011,"For-Profit 2-year",-5.104261,-.8652422,1.870956,-.2127655,1.717804,.3983135,1.217723,.9774756
"South Dakota",2012,"For-Profit 2-year",-9.097943,-.8315748,2.542077,-.2794944,1.238769,.0731971,1.704924,4.650046
"South Dakota",2013,"For-Profit 2-year",-10.42677,-.6315042,3.295584,-.1361983,.5128952,.2013405,3.890384,3.294271
"South Dakota",2014,"For-Profit 2-year",-8.475063,-1.798203,4.53507,-.6445543,1.549616,.1080193,2.422525,2.302593
"South Dakota",2015,"For-Profit 2-year",-41.65217,-1.645869,4.682904,-.2481588,1.943795,.4324505,1.47647,35.01058
"South Dakota",2016,"For-Profit 2-year",-30.10511,.8210029,25.85721,-.4600882,-3.315037,.3525502,9.136004,-2.28653
"South Dakota",2017,"For-Profit 2-year",-13.60891,-2.976653,10.88075,-1.799553,4.177857,-.0339363,2.860339,.5001083
"South Dakota",2009,"Public 2-year",-65.8095,-2.838331,-.9870069,-.9087288,73.69907,,-.5927054,
"South Dakota",2010,"Public 2-year",-18.40007,-1.192116,-.7501332,-.5000529,17.78878,-.0030746,4.330766,-1.2741
"South Dakota",2011,"Public 2-year",-15.63824,-1.322925,-.3075496,-.5126036,18.49572,.0342423,.420487,-1.169132
"South Dakota",2012,"Public 2-year",-18.85825,-1.171899,-.3710969,-.6057724,17.21986,.0402939,4.437871,-.6910097
"South Dakota",2013,"Public 2-year",-16.8796,-1.010461,.020035,-.4844936,17.35887,.0566517,1.968542,-1.029539
"South Dakota",2014,"Public 2-year",-15.64672,-.9538317,-.0760977,-.2092875,16.1225,.0985698,1.705269,-1.040406
"South Dakota",2015,"Public 2-year",-15.26805,-.8703699,-.3892348,.0978431,16.68285,.0783162,.8327833,-1.164131
"South Dakota",2016,"Public 2-year",-14.46236,-.9076719,-.3576757,.3962353,15.5492,.1975486,.942219,-1.357501
"South Dakota",2017,"Public 2-year",-14.02654,-.8693681,-.6849818,.2694017,15.14813,.1117374,1.532373,-1.480758
"Tennessee",2009,"For-Profit 2-year",-10.08454,-2.597719,9.969123,-1.150134,.2308828,,3.863485,.045345
"Tennessee",2010,"For-Profit 2-year",-9.706974,-4.066764,13.45629,-1.507032,.0719264,-.0167983,2.050278,-.2809206
"Tennessee",2011,"For-Profit 2-year",-11.25418,-2.916123,14.53788,-1.620499,.1020522,-.0041223,1.053213,.1017849
"Tennessee",2012,"For-Profit 2-year",-9.77059,-2.738187,13.30516,-1.539326,.1241128,.0276775,.3330598,.2580953
"Tennessee",2013,"For-Profit 2-year",-10.75195,-3.803883,15.24014,-1.594221,.1227464,.003777,-.7970272,1.580421
"Tennessee",2014,"For-Profit 2-year",-10.76983,-2.984792,14.91643,-1.641925,.0014448,.0752897,-.5190793,.9224661
"Tennessee",2015,"For-Profit 2-year",-14.97006,-3.084695,13.46465,-1.666717,.097569,.1495021,4.357776,1.651971
"Tennessee",2016,"For-Profit 2-year",-17.38398,-3.182546,15.31143,-2.096087,.1016028,.1630382,6.37729,.7092576
"Tennessee",2017,"For-Profit 2-year",-16.4766,-3.149816,18.2817,-1.825788,.1705862,.1510447,1.876268,.9725965
"Tennessee",2009,"Public 2-year",3.012859,-3.436982,.7006539,.1145407,.0842005,,-.6595849,.3902195
"Tennessee",2010,"Public 2-year",2.872066,-3.082936,.3862731,-.342401,.1129511,.0437636,.1053654,-.095083
"Tennessee",2011,"Public 2-year",1.149326,-2.792018,.6238946,-.4216754,.1439059,.0534727,.9002641,.3428303
"Tennessee",2012,"Public 2-year",2.047807,-2.670284,-.2824046,-.3574221,.1365723,.0472359,.5615634,.5169323
"Tennessee",2013,"Public 2-year",2.272797,-2.429579,-.4466966,-.2329708,.0962786,.053532,-.0116296,.6982669
"Tennessee",2014,"Public 2-year",2.212558,-2.102768,-.6654764,-.2704714,.0787158,.0571497,-.2110168,.9013101
"Tennessee",2015,"Public 2-year",2.176238,-1.483556,-1.356151,-.3172089,.018192,.0701135,-.1951752,1.087547
"Tennessee",2016,"Public 2-year",1.886901,-1.034934,-1.772714,-.2539907,.0109422,.0600881,-.1662152,1.269923
"Tennessee",2017,"Public 2-year",1.299775,-.6779317,-1.447101,-.2699032,.0385747,.0666427,-.4803967,1.47034
"Texas",2009,"For-Profit 2-year",-5.358434,-.1524505,6.183769,-1.354812,-.1488428,,1.833526,-.786941
"Texas",2010,"For-Profit 2-year",-4.246421,.1106959,7.931023,-2.563963,-.2617325,.0800309,.4616042,-1.511237
"Texas",2011,"For-Profit 2-year",-7.047714,5.390225,9.035382,-2.68101,-.0741394,.0938492,-4.205459,-.5111341
"Texas",2012,"For-Profit 2-year",-7.304418,1.690165,9.792829,-2.709563,.0151205,.1089992,-1.064418,-.5287142
"Texas",2013,"For-Profit 2-year",-6.536547,-.8831372,10.26617,-2.796794,.1239836,.1504037,-.0249738,-.2991013
"Texas",2014,"For-Profit 2-year",-7.903228,-1.546618,11.34774,-2.821923,.1989793,.1716288,1.060742,-.5073209
"Texas",2015,"For-Profit 2-year",-6.719971,-1.056579,10.40639,-2.556348,.1470386,.2026611,-1.076543,.6533461
"Texas",2016,"For-Profit 2-year",-2.875673,-2.963794,11.09199,-2.263299,.0110371,.1997692,-3.130465,-.069567
"Texas",2017,"For-Profit 2-year",-3.696919,-3.198914,11.39734,-2.041987,.0145996,.1677267,-2.928718,.2868674
"Texas",2009,"Public 2-year",6.06593,-1.320321,1.716394,2.131329,.0152057,,-7.184711,-2.105332
"Texas",2010,"Public 2-year",3.444438,-.6553876,2.920084,.712927,-.0641838,.0575246,-5.166316,-1.249087
"Texas",2011,"Public 2-year",-.4467765,.2999475,3.92056,.5068974,.0602628,.0734056,-4.189227,-.22507
"Texas",2012,"Public 2-year",-2.153029,1.686666,3.43741,.5259933,-.0161782,.0586498,-3.439002,-.1005095
"Texas",2013,"Public 2-year",-3.204508,2.44591,3.414068,.5334142,-.0449557,.0670769,-3.119376,-.0916292
"Texas",2014,"Public 2-year",-4.083475,3.00437,3.430207,.4421817,-.0679683,.0610756,-2.898143,.1117507
"Texas",2015,"Public 2-year",-4.848399,3.844991,2.372989,.4857107,-.1001367,.0627297,-2.12445,.3065654
"Texas",2016,"Public 2-year",-5.580217,4.92627,2.133129,.4233884,-.1136282,.0619031,-2.189289,.3384423
"Texas",2017,"Public 2-year",-5.707648,4.912714,1.972717,.4988354,-.1098396,.061668,-2.028858,.4004113
"Utah",2009,"For-Profit 2-year",-14.48008,-1.575161,.4767529,.7026294,.6527813,,15.73745,-.4627433
"Utah",2010,"For-Profit 2-year",-2.256564,-.9349383,.7554226,-.478775,.7838627,.235451,2.87653,-.9809884
"Utah",2011,"For-Profit 2-year",-14.10234,-2.661053,4.046676,-1.34025,.966319,.3340161,13.38037,-.62374
"Utah",2012,"For-Profit 2-year",-16.74771,-2.780458,9.490858,-1.275337,.7610816,.3646261,10.73996,-.5530177
"Utah",2013,"For-Profit 2-year",-17.54547,-.0455333,9.821509,-1.207259,.891726,.769296,6.720083,.5956441
"Utah",2014,"For-Profit 2-year",-16.40762,.3305427,2.527838,-.8152725,.9027473,.115662,13.46289,-.1167898
"Utah",2015,"For-Profit 2-year",-2.632754,-.7155237,1.712234,-.4006182,.4684185,.241696,1.470134,-.143586
"Utah",2016,"For-Profit 2-year",-3.862705,.1954192,2.112104,-1.058529,.0532924,.0320432,2.675234,-.1468593
"Utah",2017,"For-Profit 2-year",2.037362,-.8610942,2.596534,-.4856471,.1712474,.6791866,-4.003182,-.1344072
"Utah",2009,"Public 2-year",-1.891303,-2.433434,1.220285,2.022028,.2924724,,3.05646,-1.208419
"Utah",2010,"Public 2-year",2.752269,-3.489584,.9256973,.3825425,.1966752,.7279115,.1622423,-1.657757
"Utah",2011,"Public 2-year",-1.566723,-2.006342,1.083612,.3235144,.1177055,.5242986,2.005502,-.4815688
"Utah",2012,"Public 2-year",-1.414458,-1.552692,1.137572,.1811056,.0485091,.4843414,1.13714,-.0215172
"Utah",2013,"Public 2-year",-2.252585,-.3643641,1.319406,.3411012,.0983221,.4381601,.1781005,.2418631
"Utah",2014,"Public 2-year",-2.806822,.4229319,1.332704,.4138616,.1734471,.3375115,-.5138375,.6402044
"Utah",2015,"Public 2-year",-2.062603,1.55654,1.271865,.1762661,.0102792,.3493679,-1.814739,.5130219
"Utah",2016,"Public 2-year",-3.12956,2.683938,1.218039,.1808601,.033091,.4588318,-2.216421,.7712201
"Utah",2017,"Public 2-year",-2.957427,3.468066,1.386927,.0995359,.0254306,.4369726,-3.113831,.6543263
"Vermont",2009,"For-Profit 2-year",-26.00858,1.13797,1.433204,1.518564,-.1075524,,22.83619,-.7853239
"Vermont",2010,"For-Profit 2-year",-25.56751,1.791772,1.839773,-.2482968,.2589529,-.0343546,16.49075,5.46892
"Vermont",2011,"For-Profit 2-year",-26.23087,1.543166,2.086441,1.009574,.4161014,.1397428,21.17804,-.1421936
"Vermont",2012,"For-Profit 2-year",-23.10989,2.936881,1.463399,-.6250294,.0995781,.3552444,17.07566,1.80415
"Vermont",2013,"For-Profit 2-year",-21.81412,3.620946,1.218405,-.2013443,-.2925674,.6768489,16.60107,.190758
"Vermont",2014,"For-Profit 2-year",-14.44895,4.094373,3.463463,.6464744,-.3307512,.4728003,6.129375,-.0267819
"Vermont",2015,"For-Profit 2-year",-16.42178,3.81654,5.791705,.8185185,.4352993,.482481,3.565413,1.511826
"Vermont",2016,"For-Profit 2-year",-24.72752,3.263082,6.227933,2.080813,.9806287,-.0262722,12.86602,-.6646743
"Vermont",2017,"For-Profit 2-year",-36.12576,-.7938731,9.543736,2.103859,.3644882,-.0262503,25.9207,-.9869035
"Vermont",2009,"Public 2-year",-.4715264,-.3335702,.3436255,.1530726,.1965159,,1.395617,
"Vermont",2010,"Public 2-year",-7.350144,.1738009,1.223551,.6336701,.7134227,-.0189107,5.125018,-.5004068
"Vermont",2011,"Public 2-year",-7.605936,.6767617,1.60632,.3030497,.6915336,.012203,3.353827,.9622407
"Vermont",2012,"Public 2-year",-4.926208,.4945072,.862646,-.8085799,.4827278,-.027163,2.491965,1.430101
"Vermont",2013,"Public 2-year",-6.530303,.4159466,-.0600367,-1.180667,.4689946,-.0104844,4.6617,2.234846
"Vermont",2014,"Public 2-year",-6.524256,.4985382,.0959838,-1.386383,.447174,-.0403301,4.36215,2.547121
"Vermont",2015,"Public 2-year",-6.978304,.6140517,-.0094136,-1.503881,.4310838,.04305,4.677886,2.725529
"Vermont",2016,"Public 2-year",-10.59457,1.001285,.9768696,.2749552,.2223513,.0062366,4.458847,3.654022
"Vermont",2017,"Public 2-year",-10.50519,1.097363,.7667245,.2535919,.2897144,.0413272,4.347898,3.708568
"Virginia",2009,"For-Profit 2-year",-27.20815,1.756234,19.5622,-1.453131,.1263201,,8.072001,-.674812
"Virginia",2010,"For-Profit 2-year",-22.19403,.3650773,21.0196,-1.82627,.0936465,-.0106694,3.681914,-1.129266
"Virginia",2011,"For-Profit 2-year",-23.56374,1.607353,21.23409,-2.189575,.1140192,.0307472,3.380111,-.6130034
"Virginia",2012,"For-Profit 2-year",-22.378,1.463499,20.557,-1.949067,.1715652,.0488543,2.054919,.0312253
"Virginia",2013,"For-Profit 2-year",-22.7147,1.689991,20.86432,-2.077423,.1684234,.0402493,1.789864,.2392798
"Virginia",2014,"For-Profit 2-year",-24.6732,1.570997,21.31485,-2.15012,.1726294,.1214901,3.316633,.3267202
"Virginia",2015,"For-Profit 2-year",-23.04566,1.401482,20.56956,-2.14961,.3101837,.2078874,2.723994,-.0178381
"Virginia",2016,"For-Profit 2-year",-19.05618,.5845372,17.10488,-.8563562,.5269312,.3477947,.9283231,.4200699
"Virginia",2017,"For-Profit 2-year",-17.07575,.6915924,15.98334,-1.357316,.5722258,.3766679,.8094317,-.0001889
"Virginia",2009,"Public 2-year",-4.570847,-.4976597,1.453509,2.715056,.3113443,,2.403145,-1.724782
"Virginia",2010,"Public 2-year",-2.066618,-.900622,2.651267,.0045196,.173339,.431352,.9264314,-1.219669
"Virginia",2011,"Public 2-year",-4.738353,-.0336934,3.503607,-.0309543,.1616614,.3658796,.6625565,.109297
"Virginia",2012,"Public 2-year",-4.769647,.3601357,3.317321,-.0196392,.100827,.3246361,.1797618,.5066035
"Virginia",2013,"Public 2-year",-5.420818,.90722,3.239653,.0316438,.0666232,.3124452,-.1096772,.9729109
"Virginia",2014,"Public 2-year",-5.791095,1.290443,3.317028,-.0879089,.0749164,.2930564,-.2451579,1.148717
"Virginia",2015,"Public 2-year",-5.601619,1.85532,2.212186,.1038355,.099204,.2846932,-.2627071,1.309086
"Virginia",2016,"Public 2-year",-5.86125,2.423689,1.752429,.2116573,.100693,.2535866,-.295958,1.415154
"Virginia",2017,"Public 2-year",-6.047678,2.716343,1.364476,.1529954,.087625,.2409825,-.0430269,1.528284
"Washington",2009,"For-Profit 2-year",-8.202426,-.5732161,3.093625,1.46204,.5682361,,5.661634,-.7071133
"Washington",2010,"For-Profit 2-year",-5.009234,-1.252386,2.27035,-.963113,.6374037,.436837,4.569757,-.6896136
"Washington",2011,"For-Profit 2-year",-10.61572,-.7432113,1.720117,-3.363694,.4067596,.5792305,11.65294,.3635732
"Washington",2012,"For-Profit 2-year",-14.08917,-.211622,1.960097,-3.241741,.3856862,.5109072,13.83899,.8468591
"Washington",2013,"For-Profit 2-year",-17.74129,1.040001,1.573488,-3.741553,.2016318,.6932121,17.25536,.7191445
"Washington",2014,"For-Profit 2-year",-6.23327,.8239309,3.155926,-2.355142,.5376021,1.128135,.8213564,2.121462
"Washington",2015,"For-Profit 2-year",-11.35595,3.82644,1.807538,-2.82733,.5518752,.0311643,7.4211,.5451639
"Washington",2016,"For-Profit 2-year",-17.32798,12.82945,1.029474,-4.544572,4.997818,2.595661,.3533679,.0667848
"Washington",2017,"For-Profit 2-year",-17.85803,11.36252,.5398252,-5.19588,7.109708,2.550361,1.205164,.2863381
"Washington",2009,"Public 2-year",-7.568792,-.7788053,1.18622,-.0269716,.556098,,5.756302,1.476748
"Washington",2010,"Public 2-year",-2.391397,-2.411312,1.153772,-1.178977,.2174561,-.3513874,3.887252,1.074593
"Washington",2011,"Public 2-year",-5.791674,-1.433199,1.124877,-1.260529,.4257954,-.0650396,5.267492,1.732278
"Washington",2012,"Public 2-year",-6.646166,-.8871219,.7380909,-1.399886,.3953037,-.1057368,5.849678,2.055839
"Washington",2013,"Public 2-year",-7.349129,-.5457115,.5648519,-1.366169,.2784003,-.1525678,6.196642,2.373682
"Washington",2014,"Public 2-year",-9.269709,.5556909,.5687009,-1.557028,.2135568,-.1312837,6.902,2.718072
"Washington",2015,"Public 2-year",-10.06952,.8808982,.4366324,-1.302923,.1262851,-.2031749,7.419719,2.712082
"Washington",2016,"Public 2-year",-11.87245,1.631402,.8836275,-1.607777,.1876016,-.0462825,8.109116,2.714764
"Washington",2017,"Public 2-year",-12.69167,2.271914,.5709289,-1.92248,.0194303,-.1221679,8.531926,3.34212
"West Virginia",2009,"For-Profit 2-year",-4.021326,-.2527236,5.497283,-.9874002,.0020641,,.2496798,-.4196784
"West Virginia",2010,"For-Profit 2-year",-2.193332,-.5470301,3.023808,-1.02719,-.215826,.0003193,1.357499,-.3982485
"West Virginia",2011,"For-Profit 2-year",-3.017196,-.4657958,4.671793,-.9829626,.0314373,.051633,.3484147,-.6373224
"West Virginia",2012,"For-Profit 2-year",-4.587817,-.4655944,5.703955,-1.076482,.2003536,.0093192,.5393599,-.3230944
"West Virginia",2013,"For-Profit 2-year",-5.048045,-.3041465,6.204962,-1.093013,.0447345,-.0351227,.1641988,.0664321
"West Virginia",2014,"For-Profit 2-year",-5.477886,-.9396583,6.474952,-1.123755,.080424,.0242711,.2476811,.7139703
"West Virginia",2015,"For-Profit 2-year",-3.217042,-.9687737,5.307401,-1.483562,-.0093731,-.0315948,-.0692393,.4721834
"West Virginia",2016,"For-Profit 2-year",-1.985941,-.9973767,4.13582,-1.568041,.1662236,.0609167,-.1260274,.314424
"West Virginia",2017,"For-Profit 2-year",-1.827987,-1.221054,3.823325,-1.482216,.1987465,.0069694,-.0563351,.5585498
"West Virginia",2009,"Public 2-year",-4.449954,-.0786427,2.908618,-.4256387,.1584405,,2.516114,-.3824043
"West Virginia",2010,"Public 2-year",-4.040878,-.4195616,2.927953,-.5653099,.2498199,.0225772,2.061738,-.236338
"West Virginia",2011,"Public 2-year",-4.906087,-.4344958,3.605186,-.6016701,.2665325,.1549371,2.064107,-.1485088
"West Virginia",2012,"Public 2-year",-5.420337,-.1810751,4.052764,-.6170193,.3414599,.0015227,1.691619,.1310653
"West Virginia",2013,"Public 2-year",-4.918008,-.2789902,3.700883,-.5739778,.3774355,.0176198,1.638543,.0364942
"West Virginia",2014,"Public 2-year",-4.161764,-.0258896,2.585943,-.5777061,.1293462,.0088463,1.485725,.5554999
"West Virginia",2015,"Public 2-year",-4.043279,-.1523969,2.417148,-.5929634,.1261453,.0107027,1.333732,.9009106
"West Virginia",2016,"Public 2-year",-4.102958,-.1903931,1.368418,-.6422457,.0814115,.0271712,2.387708,1.070888
"West Virginia",2017,"Public 2-year",-2.858097,-.4128151,1.53032,-.5141813,.0947736,.0268674,.8025516,1.330579
"Wisconsin",2009,"For-Profit 2-year",-31.18614,-1.823662,14.30147,-.6808096,1.017668,,19.29367,-.8957648
"Wisconsin",2010,"For-Profit 2-year",-25.67061,-3.185863,13.79805,-.849701,.3956293,.0779251,15.43807,-.0034984
"Wisconsin",2011,"For-Profit 2-year",-24.92389,-2.31431,13.82273,-.8729368,.4312582,.0775553,13.41412,.365469
"Wisconsin",2012,"For-Profit 2-year",-22.22593,-2.370919,16.60951,-1.054576,.430495,.192274,7.66872,.7504205
"Wisconsin",2013,"For-Profit 2-year",-27.18418,-2.329496,16.86885,-1.186126,.2068697,.1662354,12.97744,.4804067
"Wisconsin",2014,"For-Profit 2-year",-27.21588,-2.431996,17.90199,-1.086334,.0835689,.1140673,12.18887,.445707
"Wisconsin",2015,"For-Profit 2-year",-23.64795,-2.270984,17.55737,-1.326766,.2967987,.161975,8.737314,.4922497
"Wisconsin",2016,"For-Profit 2-year",-22.98384,-3.234331,19.72464,-1.082489,.3518586,.1160243,6.818199,.2899288
"Wisconsin",2017,"For-Profit 2-year",-21.85786,-1.783879,22.36946,-.4917773,-.2907056,.0514887,1.002616,1.000653
"Wisconsin",2009,"Public 2-year",1.399492,-2.123263,.0729991,.1630173,.4306366,,.8848926,-.4853992
"Wisconsin",2010,"Public 2-year",.7820597,-2.135071,.1005087,-.2347753,.4291415,.0396859,1.480888,-.4624376
"Wisconsin",2011,"Public 2-year",-.7317423,-1.700807,1.032452,-.3295518,.5141066,.0608178,1.117592,.0371341
"Wisconsin",2012,"Public 2-year",-.9361988,-1.281997,1.276531,-.3350018,.4108133,.0741517,.4276471,.3640557
"Wisconsin",2013,"Public 2-year",-1.549302,-.8920947,1.57644,-.2938778,.3093554,.0552744,.2739325,.5202714
"Wisconsin",2014,"Public 2-year",-1.922062,-.4482933,1.116422,-.0936827,.3334835,.0696604,.3969599,.5475119
"Wisconsin",2015,"Public 2-year",-2.506897,-.0565523,.8535612,-.0225003,.4050792,.0653492,.4810983,.7808626
"Wisconsin",2016,"Public 2-year",-2.800399,.3135243,.1987049,.4453461,.2115246,.0637825,.5356939,1.031822
"Wisconsin",2017,"Public 2-year",-3.076711,.7496582,-.0323939,.3570081,.2176314,.0433062,.6976954,1.043804
"Wyoming",2009,"For-Profit 2-year",,,,,,,,
"Wyoming",2010,"For-Profit 2-year",-7.328683,6.294966,2.959517,-1.160573,3.729234,-.0700742,-2.149034,-2.27535
"Wyoming",2011,"For-Profit 2-year",-5.810481,2.738232,1.473788,-2.339696,4.778456,.0562879,.8678142,-1.764403
"Wyoming",2012,"For-Profit 2-year",-9.38943,5.541183,1.182108,-2.935405,4.032482,.1071488,2.667177,-1.205262
"Wyoming",2013,"For-Profit 2-year",-11.5218,8.166933,.4452664,-3.295658,3.363381,.4741881,1.902509,.4651856
"Wyoming",2014,"For-Profit 2-year",-11.24612,3.746916,.6240385,-3.38809,3.455997,1.057435,5.036765,.7130606
"Wyoming",2009,"Public 2-year",4.709453,-3.06078,.5378624,-.0445879,-.2019626,,-.3230134,-1.616971
"Wyoming",2010,"Public 2-year",3.808093,-2.608902,.245596,-.3725837,.0529731,.1060047,-.0283422,-1.202837
"Wyoming",2011,"Public 2-year",2.05362,-1.727226,.3990808,-.0744117,.0173991,.2597961,.4402704,-1.368528
"Wyoming",2012,"Public 2-year",2.467274,-1.861521,.5570576,-.1788872,-.1643554,.2045511,.1424282,-1.166545
"Wyoming",2013,"Public 2-year",2.446529,-1.478782,.4829973,-.194505,-.1049512,.1881085,-.0651037,-1.274292
"Wyoming",2014,"Public 2-year",1.808713,-1.104619,.2638732,-.0207236,-.1780182,.0279057,.0907952,-.8879251
"Wyoming",2015,"Public 2-year",1.054654,-.8464068,.2090064,-.2446509,-.1551552,-.0239003,.5641029,-.5576525
"Wyoming",2016,"Public 2-year",-.5040099,-.9250939,-.0524798,-.0849428,-.2568615,.0510341,1.798488,-.0261347
"Wyoming",2017,"Public 2-year",-2.31085,-.4486401,-.2940872,-.1000028,-.2464893,.0416849,2.762445,.5959389
