fips_ipeds,year,twocat,dif_asian,dif_amind,dif_black,dif_hispa,dif_multi,dif_pacis,dif_white
Alabama,2009,For-Profit 2-year,-0.6465573,-0.175997,18.30886,-1.917439,-0.5282984,,-36.12381
Alabama,2010,For-Profit 2-year,-1.112077,-0.2992764,11.65203,-3.119881,-0.3082194,-0.0547557,-36.3316
Alabama,2011,For-Profit 2-year,-1.136771,-0.3448353,19.29054,-3.128464,-0.2288634,-0.0196294,-38.71402
Alabama,2012,For-Profit 2-year,-1.142596,-0.2448224,17.3539,-3.412885,-0.1234012,0.0027692,-38.63966
Alabama,2013,For-Profit 2-year,-1.197535,-0.1322467,19.93671,-3.313243,0.1325019,0.0200917,-38.45548
Alabama,2014,For-Profit 2-year,-1.285578,-0.1191274,23.32329,-2.952535,-0.1268928,0.4672658,-37.34964
Alabama,2015,For-Profit 2-year,-1.239859,-0.1243279,24.57579,-2.521126,-0.1291807,0.019882,-36.11304
Alabama,2016,For-Profit 2-year,-1.419812,-0.1753027,22.00301,-2.350122,0.0937894,0.0188748,-39.00834
Alabama,2017,For-Profit 2-year,-1.547198,-0.1523568,22.92572,-2.161428,1.048529,0.3041552,-39.05271
Alabama,2009,Public 2-year,0.0623525,0.2411032,1.213096,-0.7575943,-0.005955,,-2.747022
Alabama,2010,Public 2-year,-0.4228079,0.2804435,2.087957,-2.047676,-0.1909307,0.0208948,-0.4082838
Alabama,2011,Public 2-year,-0.2939379,0.2914783,2.390218,-1.615726,0.057265,0.0589022,-2.603453
Alabama,2012,Public 2-year,-0.1843608,0.4305238,1.690715,-1.921418,-0.2325455,0.0605175,-3.143691
Alabama,2013,Public 2-year,-0.1591722,0.3522333,1.775862,-1.560179,0.2495025,0.0582494,-1.969714
Alabama,2014,Public 2-year,-0.0370697,0.3785676,1.396793,-1.198371,0.3756272,0.0456306,-2.101697
Alabama,2015,Public 2-year,0.0104473,0.3651783,1.104357,-1.014531,0.4283114,0.0382898,-1.828025
Alabama,2016,Public 2-year,-0.0455677,0.3311498,1.126122,-0.7415767,0.6007957,0.0350382,-2.068208
Alabama,2017,Public 2-year,-0.1687229,0.2937613,0.9770098,-0.3656731,0.6610599,0.0226769,-1.991276
Alaska,2009,For-Profit 2-year,3.678668,4.611759,1.309977,9.033684,,,-20.42072
Alaska,2010,For-Profit 2-year,-2.94684,-0.3846154,2.055381,19.87421,-4.563595,0.8606021,-28.69288
Alaska,2011,For-Profit 2-year,-1.213858,3.150697,0.7901123,17.59703,-4.292763,0.7368221,-29.19554
Alaska,2012,For-Profit 2-year,0.7772999,2.165623,1.322544,21.86985,-1.338321,0.0975139,-26.74632
Alaska,2013,For-Profit 2-year,-2.366803,-0.584722,0.0351792,22.55548,-0.6432248,3.767083,-23.70177
Alaska,2014,For-Profit 2-year,-2.606977,-0.9068344,1.63677,21.31168,-2.670721,3.478119,-22.30529
Alaska,2015,For-Profit 2-year,0.7587264,0.3405001,1.006821,19.64777,-3.184257,-1.317786,-21.55822
Alaska,2016,For-Profit 2-year,12.74935,8.591179,6.226982,1.406714,-6.697293,-2.113815,-19.28161
Alaska,2017,For-Profit 2-year,12.38804,7.07903,3.904873,2.850009,-2.834037,-1.347973,-20.4152
Alaska,2009,Public 2-year,,,,,,,
Alaska,2010,Public 2-year,-3.530844,18.66883,-0.2069806,-0.8157467,-6.160714,-0.3530843,-7.394481
Alaska,2011,Public 2-year,8.968286,14.42151,0.1684971,-2.609942,-6.695779,-0.8861541,-11.61969
Alaska,2012,Public 2-year,-0.8015811,17.76768,0.1962203,-3.3267,-8.955857,-0.6394556,-4.01208
Alaska,2013,Public 2-year,-1.806365,20.36382,-1.64431,-1.097903,-9.173517,-1.760549,-4.59185
Alaska,2014,Public 2-year,-1.230869,8.495533,0.4540159,-3.893259,-6.993319,0.9791381,2.670154
Alaska,2015,Public 2-year,-4.002251,9.769553,2.332906,-3.658869,-6.342117,-5.026014,4.367094
Alaska,2016,Public 2-year,-6.134932,2.846575,0.4837582,-1.101449,-6.390805,10.49275,0.7236391
Alaska,2017,Public 2-year,5.871697,4.328841,-0.9750152,-0.5888872,-6.002438,-1.015456,-0.7960774
Arizona,2009,For-Profit 2-year,-0.4272826,2.443398,8.098716,-5.730654,-0.4952487,,-6.441755
Arizona,2010,For-Profit 2-year,-1.796539,2.237495,7.564713,-3.226006,-0.4070055,0.4021584,-3.266842
Arizona,2011,For-Profit 2-year,-1.877167,2.446764,5.75477,-3.218613,0.8573077,0.397652,-5.744319
Arizona,2012,For-Profit 2-year,-1.878518,2.567166,5.499875,-1.899314,1.094734,0.4822888,-6.48712
Arizona,2013,For-Profit 2-year,-1.967887,2.812547,7.552592,-3.059011,1.024228,0.5510519,-10.08639
Arizona,2014,For-Profit 2-year,-1.978909,2.122653,9.606744,-2.504718,0.6904357,0.4678834,-12.05521
Arizona,2015,For-Profit 2-year,-1.664047,2.971176,3.135676,1.523677,1.007102,0.6370629,-10.8072
Arizona,2016,For-Profit 2-year,-1.318324,2.454425,3.177002,2.902236,1.339635,0.6699412,-7.997016
Arizona,2017,For-Profit 2-year,-1.391285,2.90236,4.119674,1.404336,2.135581,0.6659664,-6.61974
Arizona,2009,Public 2-year,0.9365045,1.283822,2.419622,-5.468368,-1.302863,,0.771171
Arizona,2010,Public 2-year,-0.1707907,1.627598,2.561149,-2.862716,-1.43294,0.0136752,2.898268
Arizona,2011,Public 2-year,-0.2924288,1.80976,3.173043,-2.908844,-0.3552763,0.1050254,-1.303481
Arizona,2012,Public 2-year,-0.4869595,1.709393,2.851896,-1.348449,-0.2758185,0.1249106,-3.007805
Arizona,2013,Public 2-year,-0.4746969,1.447461,2.24222,0.1923532,-0.2614928,0.1227689,-3.551601
Arizona,2014,Public 2-year,-0.4520624,1.371942,1.912426,1.669306,-0.1653727,0.1370499,-3.994455
Arizona,2015,Public 2-year,-0.5870001,1.301695,1.683021,2.896181,-0.1799318,0.1457173,-4.89355
Arizona,2016,Public 2-year,-0.6342293,1.322794,1.467853,4.218542,-0.2269664,0.1627206,-5.15649
Arizona,2017,Public 2-year,-0.7996971,1.245776,1.344488,6.958405,-0.0023997,0.1416639,-6.737702
Arkansas,2009,For-Profit 2-year,0.0163591,-0.2080017,16.75752,-0.9270062,-0.9354055,,-13.38527
Arkansas,2010,For-Profit 2-year,-0.4628471,0.0798229,19.41169,-1.791297,-1.167777,0.1028078,-14.11696
Arkansas,2011,For-Profit 2-year,-0.6416543,-0.0213499,23.75129,-1.789001,0.3022278,0.1916473,-21.59924
Arkansas,2012,For-Profit 2-year,-0.5281374,0.413384,21.02793,-2.124816,-0.9162472,-0.0339953,-18.87373
Arkansas,2013,For-Profit 2-year,-0.7842681,0.5446741,19.40544,-1.414114,-0.9097424,-0.0266604,-16.73763
Arkansas,2014,For-Profit 2-year,-0.0763604,1.346125,20.56427,0.0620734,-0.2494574,-0.02333,-21.26609
Arkansas,2015,For-Profit 2-year,-0.2190585,1.572373,14.81848,-0.5882848,2.110782,-0.0315604,-17.67456
Arkansas,2009,Public 2-year,0.6535521,0.7149666,2.341501,-4.352887,0.1381695,,-0.0584049
Arkansas,2010,Public 2-year,-0.0066283,0.3264579,4.799251,-2.839335,-0.116486,-0.1508768,0.8325042
Arkansas,2011,Public 2-year,-0.0418583,0.5611497,5.462718,-2.505067,0.1919896,-0.0418058,-1.994109
Arkansas,2012,Public 2-year,-0.3564289,0.2377797,5.384529,-2.139199,0.6904949,-0.0882157,-2.622664
Arkansas,2013,Public 2-year,-0.46989,0.1701704,4.35081,-1.782597,1.007681,-0.1641992,-2.62423
Arkansas,2014,Public 2-year,-0.5003966,0.1157237,3.611813,-0.9677139,1.19766,-0.1616918,-2.60135
Arkansas,2015,Public 2-year,-0.5161968,0.2194174,2.62007,-0.703451,1.345937,-0.1631442,-2.288777
Arkansas,2016,Public 2-year,-0.2301545,0.2530708,2.096115,-0.4499715,1.342468,-0.1912774,-2.166699
Arkansas,2017,Public 2-year,-0.5059273,0.2257528,2.507273,-0.9163851,1.145576,-0.2158695,-1.545013
California,2009,For-Profit 2-year,-1.323067,0.4969387,3.603567,1.768638,-0.4820744,,-8.121667
California,2010,For-Profit 2-year,-4.317876,-0.0993024,2.166958,0.5270523,-1.432493,0.7686593,-6.929913
California,2011,For-Profit 2-year,-4.225611,0.1129748,3.083939,5.624268,0.2792031,1.479751,-6.648902
California,2012,For-Profit 2-year,-4.297815,0.0706526,5.284834,1.883986,0.2584867,1.010094,-6.118376
California,2013,For-Profit 2-year,-4.18539,0.1394568,5.721372,2.131392,0.4954379,1.124761,-5.87046
California,2014,For-Profit 2-year,-3.737408,0.1317517,5.716192,2.521479,0.5226261,0.9200712,-5.470464
California,2015,For-Profit 2-year,-2.717021,0.1442269,6.164104,0.1254503,1.46514,0.803058,-3.475517
California,2016,For-Profit 2-year,-1.718116,0.1142767,3.892873,0.1964563,0.4911923,0.8817921,-3.612543
California,2017,For-Profit 2-year,-1.913879,0.0466807,3.181035,3.339699,0.3215563,1.027128,-6.74969
California,2009,Public 2-year,1.999308,0.0388327,2.053114,-1.447749,-1.147272,,-2.205301
California,2010,Public 2-year,0.8678606,-0.1606188,2.387852,1.544607,-1.331644,0.2652448,2.487201
California,2011,Public 2-year,0.2190174,-0.1054446,2.215611,3.262668,0.2434861,0.1736861,-0.4825164
California,2012,Public 2-year,-0.1175422,-0.1775698,1.880337,5.600877,0.5287633,0.1421173,-1.213607
California,2013,Public 2-year,-0.4224787,-0.2016693,1.890062,7.267175,0.7130036,0.1052413,-2.087424
California,2014,Public 2-year,-0.7187971,-0.1955746,1.623991,8.730758,0.8071182,0.066052,-2.678816
California,2015,Public 2-year,-0.8796652,-0.1655402,1.318301,10.09385,0.808081,0.0558839,-3.299476
California,2016,Public 2-year,-0.8474665,-0.1734214,1.042275,10.78034,0.6454906,0.0494783,-3.040006
California,2017,Public 2-year,-1.074371,-0.1647904,0.8484488,11.48615,0.6849536,0.055813,-3.181143
Colorado,2009,For-Profit 2-year,-0.4899342,0.3460767,6.439607,4.989959,-1.031948,,-9.940184
Colorado,2010,For-Profit 2-year,-1.569667,0.3364938,3.935425,4.175202,-0.9857545,0.1596107,-5.164945
Colorado,2011,For-Profit 2-year,-1.416724,0.3037779,3.025099,3.764823,-0.3605297,0.0355786,-7.476257
Colorado,2012,For-Profit 2-year,-1.755943,0.3398624,2.645298,2.994783,0.0350604,0.141635,-9.430614
Colorado,2013,For-Profit 2-year,-1.697142,0.5796446,4.358875,2.066678,1.038687,0.2583034,-7.49591
Colorado,2014,For-Profit 2-year,-1.748186,0.5458717,3.908188,4.811367,1.21446,0.2508122,-14.51923
Colorado,2015,For-Profit 2-year,-1.740554,0.3636974,3.081001,3.940636,0.7514253,0.1764089,-11.33406
Colorado,2016,For-Profit 2-year,-1.576035,1.0145,3.919962,4.099241,-0.4119779,0.1844114,-12.52927
Colorado,2017,For-Profit 2-year,-1.29538,1.258917,3.645356,6.390331,-0.1091796,0.3907001,-12.85764
Colorado,2009,Public 2-year,1.182345,0.6277132,3.186711,-6.041321,,,0.3823428
Colorado,2010,Public 2-year,-0.1055613,0.1239071,2.080413,-4.817965,-1.411283,0.2894374,-0.3100024
Colorado,2011,Public 2-year,-0.3231882,0.1318937,2.459543,-5.27796,0.0925891,0.1997069,-2.861328
Colorado,2012,Public 2-year,-0.3181939,0.0804901,2.184912,-4.295707,0.5671296,0.1676731,-1.980061
Colorado,2013,Public 2-year,-0.2035853,0.0061299,2.056734,-4.103088,0.8631046,0.1331129,-0.9476762
Colorado,2014,Public 2-year,-0.2368298,-0.005108,1.69264,-3.766362,1.061695,0.1167955,-0.1506893
Colorado,2015,Public 2-year,-0.217452,-0.0040311,1.374214,-3.486999,1.061477,0.1185592,-0.2257955
Colorado,2016,Public 2-year,-0.4050351,0.0302758,0.6583249,0.3269276,0.8707261,0.1282,-3.951596
Colorado,2017,Public 2-year,-0.5781128,-0.0507112,0.6508816,1.613746,0.5086572,0.0854617,-6.867632
Connecticut,2009,For-Profit 2-year,-2.180588,0.3334447,9.231794,1.28666,-1.442979,,-10.75904
Connecticut,2010,For-Profit 2-year,-3.112262,0.1511512,15.64191,3.463576,-1.522978,-0.0443022,-17.68893
Connecticut,2011,For-Profit 2-year,-3.064464,0.449161,10.98502,0.5832919,0.2156159,-0.0448284,-18.92644
Connecticut,2012,For-Profit 2-year,-2.947319,0.4890739,10.60908,-0.5396007,0.7622071,-0.0547128,-20.88115
Connecticut,2013,For-Profit 2-year,-3.189041,0.0769385,8.666717,-0.2175692,4.073864,-0.0459764,-15.23883
Connecticut,2014,For-Profit 2-year,-3.313715,0.1970054,10.93618,0.0213325,5.679392,0.1014584,-14.13312
Connecticut,2015,For-Profit 2-year,-2.967166,0.2205149,11.45152,-1.081443,6.788901,0.1323006,-15.73926
Connecticut,2016,For-Profit 2-year,-2.988687,0.1027186,9.329958,-1.703228,5.252786,-0.0321811,-11.96386
Connecticut,2017,For-Profit 2-year,-2.233111,0.3764797,6.471284,-2.602109,3.744817,-0.0312371,-9.348989
Connecticut,2009,Public 2-year,-0.8577991,-0.0134049,5.301041,4.591497,,,-14.44502
Connecticut,2010,Public 2-year,-1.707646,-0.1021174,4.882397,3.895822,-0.035909,0.0820542,-10.45654
Connecticut,2011,Public 2-year,-1.567215,0.0006886,5.467331,5.580378,0.078583,0.0957449,-11.4681
Connecticut,2012,Public 2-year,-1.430073,-0.0150158,6.133364,6.38772,-0.3354941,0.0870592,-11.37754
Connecticut,2013,Public 2-year,-1.413223,-0.0233966,6.461612,7.03838,-0.2937084,0.1085487,-11.08362
Connecticut,2014,Public 2-year,-1.354643,-0.0132052,6.936394,7.563051,-0.1785833,0.123135,-11.99291
Connecticut,2015,Public 2-year,-1.424859,-0.0925838,6.563741,8.156595,-0.0758431,0.1270754,-12.08465
Connecticut,2016,Public 2-year,-1.411059,-0.0608825,6.459765,9.490073,-0.2289112,0.1163069,-13.2707
Connecticut,2017,Public 2-year,-1.660465,-0.0721523,6.701375,10.02235,0.181091,0.1272793,-13.24438
Delaware,2009,Public 2-year,-0.0452665,-0.075576,3.530309,-0.6247522,-0.127563,,-4.965603
Delaware,2010,Public 2-year,-0.422789,-0.1824939,2.348771,-2.06876,0.1836668,0.0869051,0.3132603
Delaware,2011,Public 2-year,-0.2081377,-0.0266755,1.691275,-1.745009,0.6824715,0.1011323,-1.457294
Delaware,2012,Public 2-year,0.1483566,-0.1074249,1.993504,-1.009729,0.7813283,0.073039,-2.326944
Delaware,2013,Public 2-year,-0.0618224,0.0153565,3.066102,-0.6349034,0.2752984,0.1048985,-3.358692
Delaware,2014,Public 2-year,-0.141293,-0.0915467,3.066288,-0.040561,0.6465017,0.1051484,-4.161016
Delaware,2015,Public 2-year,0.6519461,-0.3010159,-0.7326275,3.01643,0.0050981,0.0472391,-4.06664
Delaware,2016,Public 2-year,-1.285494,0.0460851,3.414702,1.320159,1.273825,0.0810245,-5.49866
Delaware,2017,Public 2-year,-1.633293,0.1214375,2.481115,2.049316,1.454942,0.0989594,-5.806929
Florida,2009,For-Profit 2-year,-1.241752,0.0665937,13.18829,2.509127,-0.0720351,,-19.64416
Florida,2010,For-Profit 2-year,-1.924291,0.1176019,16.02837,-2.543197,-0.1564905,0.106373,-15.25028
Florida,2011,For-Profit 2-year,-2.218991,0.3435158,15.39653,-3.323397,0.3764306,0.1099169,-17.9121
Florida,2012,For-Profit 2-year,-2.355913,0.4404051,18.16203,-4.917175,0.9300975,0.1280712,-19.55323
Florida,2013,For-Profit 2-year,-2.373307,0.2845306,16.51356,-5.206731,0.5279285,0.1703127,-20.65029
Florida,2014,For-Profit 2-year,-2.319272,0.2455004,16.13926,-5.479918,0.4363411,0.199239,-19.65352
Florida,2015,For-Profit 2-year,-1.853618,0.2491243,5.553243,4.074844,0.1925884,0.1092048,-14.61387
Florida,2016,For-Profit 2-year,-1.667843,0.4532141,4.924149,6.788826,-0.6259426,0.1411312,-15.08186
Florida,2017,For-Profit 2-year,-1.876026,0.0073844,3.667748,10.69125,-0.7185769,0.1188531,-17.16134
Florida,2009,Public 2-year,0.3089244,0.1396087,-0.2704523,2.473239,,,-2.968383
Florida,2010,Public 2-year,-0.4880445,-0.0469356,1.994375,0.260453,-1.385764,0.0788052,-1.923693
Florida,2011,Public 2-year,-0.4673132,-0.0329662,2.870305,2.163335,-0.5452255,0.1164452,-6.346009
Florida,2012,Public 2-year,-0.5899758,-0.0489402,1.912897,2.207013,-0.3010587,0.1306622,-7.655647
Florida,2013,Public 2-year,-0.553211,-0.051326,2.033418,1.857262,-0.0762835,0.1558708,-6.519006
Florida,2014,Public 2-year,-0.5679598,-0.0511538,1.792848,2.254794,0.0625967,0.1693173,-6.83379
Florida,2015,Public 2-year,-0.5315704,0.0049118,1.261387,2.615453,0.2005616,0.165965,-6.901926
Florida,2016,Public 2-year,-0.4552282,0.0099792,1.401172,2.531452,0.4454286,0.169515,-7.059825
Florida,2017,Public 2-year,-0.5482261,-0.0040374,1.046633,3.347865,0.6178152,0.1555052,-7.090294
Georgia,2009,For-Profit 2-year,-1.498916,0.1750777,25.97963,-4.519537,0.2407321,,-26.4545
Georgia,2010,For-Profit 2-year,-3.386203,-0.1427981,29.21701,-5.771209,-0.7599844,0.0196019,-23.2283
Georgia,2011,For-Profit 2-year,-3.511778,0.0142838,33.84275,-4.93927,-0.0476448,0.0410721,-27.11415
Georgia,2012,For-Profit 2-year,-3.426793,-0.0412511,36.72782,-4.580945,-0.179436,-0.0323161,-28.97052
Georgia,2013,For-Profit 2-year,-3.291952,0.0241884,38.11558,-4.629325,-0.4300681,-0.0378698,-29.59097
Georgia,2014,For-Profit 2-year,-3.028344,-0.0348518,37.04363,-3.952014,-0.3508919,0.0210135,-30.65191
Georgia,2015,For-Profit 2-year,-3.101907,-0.0660846,33.32514,-3.109652,-0.5188958,0.0338164,-30.01219
Georgia,2016,For-Profit 2-year,-2.621887,-0.0774943,32.82664,-2.422136,-1.187282,0.1471767,-29.81739
Georgia,2017,For-Profit 2-year,-2.779389,0.0479041,33.53289,-1.895954,-0.8676946,0.0812169,-29.11464
Georgia,2009,Public 2-year,0.109892,0.0533709,1.998453,-3.750603,-0.1127908,,-0.7624324
Georgia,2010,Public 2-year,-0.9703912,-0.010338,6.178989,-5.405556,-0.3350291,0.0407915,-0.0116618
Georgia,2011,Public 2-year,-1.055071,0.0638727,5.962183,-3.873456,0.1763507,0.0385761,-1.40562
Georgia,2012,Public 2-year,-1.009975,0.0946972,4.818541,-3.330191,0.1196925,0.057986,-0.5215854
Georgia,2013,Public 2-year,-1.146617,0.0850468,5.203543,-3.287534,0.1829461,0.0676603,-0.6373515
Georgia,2014,Public 2-year,-1.289033,0.0468236,5.318365,-2.839002,0.3250585,0.0726593,-1.137048
Georgia,2015,Public 2-year,-1.467718,0.0386073,5.069404,-2.036705,0.4577935,0.0661735,-1.757692
Georgia,2016,Public 2-year,-1.430452,-0.0073336,3.374379,-1.035965,0.6440661,0.0577012,-1.477051
Georgia,2017,Public 2-year,-1.446905,-0.0389433,5.517162,-0.9410259,0.7099755,0.0780191,-3.837182
Hawaii,2009,For-Profit 2-year,38.92407,0.2700341,-0.205354,-2.273349,,,-12.05037
Hawaii,2010,For-Profit 2-year,-33.19873,-0.138678,-0.9916951,-3.248179,-15.09503,-0.7854581,-17.85001
Hawaii,2011,For-Profit 2-year,2.374101,0.3971827,1.71323,3.295334,-6.976388,9.673116,-10.91978
Hawaii,2012,For-Profit 2-year,5.046883,0.1215848,1.706495,1.008844,-12.23645,1.192528,-10.85185
Hawaii,2013,For-Profit 2-year,-6.687951,0.2414239,2.29555,-4.271266,-3.852867,8.678228,-13.73083
Hawaii,2014,For-Profit 2-year,-12.62021,0.0546824,2.474725,-5.396956,-4.42102,9.895279,-15.21047
Hawaii,2009,Public 2-year,34.39358,0.1506153,-2.052917,-4.400902,,,-6.696951
Hawaii,2010,Public 2-year,-3.233698,-0.0093173,-0.5884734,1.388115,4.057749,4.185808,-7.589735
Hawaii,2011,Public 2-year,-5.384125,0.0608864,-0.653466,2.552742,7.618259,2.474444,-8.568748
Hawaii,2012,Public 2-year,-5.317331,0.051263,-0.7645556,3.030239,8.375371,1.119302,-9.072307
Hawaii,2013,Public 2-year,-4.498251,-0.0183854,-0.7885322,2.855996,9.44478,-0.5000068,-9.204832
Hawaii,2014,Public 2-year,-4.068221,-0.0521039,-0.9146005,3.048426,10.43211,-1.797496,-9.549875
Hawaii,2015,Public 2-year,-3.085296,-0.1112939,-1.256409,3.112459,10.72821,-2.450277,-9.884273
Hawaii,2016,Public 2-year,-3.295647,-0.0514693,-0.9555575,3.210222,10.72486,-3.350228,-9.493511
Hawaii,2017,Public 2-year,-3.263947,-0.0538226,-1.019052,3.512825,10.80257,-3.210155,-10.05436
Idaho,2009,For-Profit 2-year,0.0591194,0.4070254,0.3504757,-1.823352,-0.7832422,,-8.044004
Idaho,2010,For-Profit 2-year,-0.3253229,0.5932546,0.6088763,-2.805454,-0.5964964,0.1691447,3.911503
Idaho,2011,For-Profit 2-year,-0.3559953,0.9086539,0.3521679,-1.755826,-0.1337891,0.2336863,-0.5283577
Idaho,2012,For-Profit 2-year,-0.3799291,0.3245405,0.5661133,1.027917,-0.700071,0.3724519,-1.549704
Idaho,2013,For-Profit 2-year,-0.8038059,0.6285809,1.237301,0.0452767,-0.6092065,0.2695299,-0.1375425
Idaho,2014,For-Profit 2-year,-0.6964566,0.7615266,1.559711,0.5718763,-0.7267974,0.4229998,-1.335414
Idaho,2015,For-Profit 2-year,1.726324,1.581939,1.411801,0.5186104,-0.9251688,0.0843907,-3.893875
Idaho,2016,For-Profit 2-year,2.720391,0.5223761,1.984893,6.3339,-1.045176,0.1254968,-10.07707
Idaho,2017,For-Profit 2-year,-0.0168776,0.3694044,1.493469,9.686346,-1.216987,1.181162,-11.05726
Idaho,2009,Public 2-year,0.8983881,1.799874,0.1182206,-0.8761605,-1.255333,,-8.535585
Idaho,2010,Public 2-year,0.1385733,0.3765869,0.4957271,-3.002198,-1.273339,0.7966466,0.2692831
Idaho,2011,Public 2-year,0.0715802,0.8208246,0.4675638,-0.4750204,-1.064488,0.5428489,-3.749162
Idaho,2012,Public 2-year,-0.2723301,0.9558505,0.6392952,0.7455718,-1.526345,0.4147828,-8.172503
Idaho,2013,Public 2-year,-0.427471,0.9063532,0.8337322,1.268137,-0.6241505,0.4662276,-8.615686
Idaho,2014,Public 2-year,-0.2837805,0.8860697,0.8191839,1.645043,-0.3856029,0.3712298,-7.924565
Idaho,2015,Public 2-year,-0.183997,0.7960435,0.8917327,1.908568,-0.6764776,0.37545,-7.480325
Idaho,2016,Public 2-year,-0.0078,0.6304505,1.046312,2.519016,-0.6625857,0.5835218,-7.661379
Idaho,2017,Public 2-year,0.4229789,0.7694983,1.219127,3.208472,-0.8775639,0.3275724,-7.837069
Illinois,2009,For-Profit 2-year,-0.8275075,0.0521438,14.3609,2.74402,-0.8015547,,-16.00858
Illinois,2010,For-Profit 2-year,-3.67058,-0.0702297,16.91523,1.879039,-0.9727573,0.1476202,-12.42884
Illinois,2011,For-Profit 2-year,-3.487612,0.171252,15.1059,3.123663,0.017784,0.185841,-11.24544
Illinois,2012,For-Profit 2-year,-2.677553,0.3301487,13.82261,1.650499,0.6007063,0.3094786,-11.71144
Illinois,2013,For-Profit 2-year,-2.97488,0.4721188,14.4792,-3.472315,2.319158,0.2882242,-10.91477
Illinois,2014,For-Profit 2-year,-3.102734,0.4793647,14.99658,-2.903446,1.666874,0.1938433,-12.91262
Illinois,2015,For-Profit 2-year,-2.551211,0.2833402,14.0939,-3.216703,1.509673,0.2984496,-11.79399
Illinois,2016,For-Profit 2-year,-2.294446,0.3536025,14.40621,-3.468277,1.456815,0.3807517,-11.43552
Illinois,2017,For-Profit 2-year,-2.387909,-0.0108555,12.55929,4.212094,-0.5721228,0.2244309,-13.32885
Illinois,2009,Public 2-year,1.581936,0.1708498,6.597782,-0.9280345,,,-1.727852
Illinois,2010,Public 2-year,-0.6707334,-0.0053942,5.463067,-1.736105,-0.7579544,0.1701881,-0.4325216
Illinois,2011,Public 2-year,-0.8303019,0.1012126,5.49529,0.5450672,0.0185324,0.1937265,-2.781383
Illinois,2012,Public 2-year,-1.013924,0.0960081,5.165669,1.069501,0.1734169,0.2018536,-3.560709
Illinois,2013,Public 2-year,-1.088727,0.0960254,4.606508,2.187114,0.42439,0.1461364,-4.408577
Illinois,2014,Public 2-year,-0.9907949,0.0595615,3.812898,3.437719,0.4913186,0.1448205,-5.012857
Illinois,2015,Public 2-year,-1.323906,0.0422064,2.637399,5.265652,0.63362,0.133255,-5.536994
Illinois,2016,Public 2-year,-1.428,0.0155813,2.025409,6.944449,0.7807931,0.1068973,-6.131963
Illinois,2017,Public 2-year,-1.477011,-0.009629,1.720677,7.726459,0.8030313,0.076425,-6.212792
Indiana,2009,For-Profit 2-year,-0.8006269,0.0368918,9.406954,-2.459289,-0.8830979,,-25.03911
Indiana,2010,For-Profit 2-year,-1.461468,0.0477929,9.254713,-3.640989,-0.8015588,0.0338997,-22.41769
Indiana,2011,For-Profit 2-year,-1.366087,0.0397482,8.350201,-2.788282,-0.607808,0.066317,-25.11869
Indiana,2012,For-Profit 2-year,-1.519363,0.0871123,8.720698,-2.180913,-0.3032693,0.072172,-23.68027
Indiana,2013,For-Profit 2-year,-1.560273,0.1249366,9.253293,-2.224899,2.364841,0.0599031,-24.53788
Indiana,2014,For-Profit 2-year,-1.540437,0.1426278,11.53475,-2.057757,2.069699,0.0561726,-23.95475
Indiana,2015,For-Profit 2-year,-1.570181,0.1836154,12.45058,-1.808818,1.201729,0.0398684,-21.23911
Indiana,2016,For-Profit 2-year,-1.521885,0.1540156,10.78832,-0.9928231,0.8662979,0.1269446,-9.672489
Indiana,2017,For-Profit 2-year,-1.243456,0.1499135,10.46347,-1.077805,1.054552,0.1169276,-9.870887
Indiana,2009,Public 2-year,-0.3409938,0.1637401,2.843253,-2.373849,-1.157691,,-3.354573
Indiana,2010,Public 2-year,-1.288994,0.0947355,4.651826,-3.559106,-0.2551586,0.0641488,-1.710096
Indiana,2011,Public 2-year,-1.275516,0.1822539,5.837138,-2.994354,0.3913418,0.0438418,-4.984791
Indiana,2012,Public 2-year,-1.699868,0.2106004,-5.204188,-3.230531,-0.1105005,-0.0095367,9.577029
Indiana,2013,Public 2-year,-1.699487,0.1974025,-5.213133,-3.633367,0.6978398,-0.0005597,9.212845
Indiana,2014,Public 2-year,-1.702462,0.2016006,-5.215978,-2.305575,0.4938712,-0.0196741,8.137178
Indiana,2015,Public 2-year,-1.960048,0.1597565,-6.451826,-4.520514,0.9294994,0.1044365,9.716299
Indiana,2016,Public 2-year,-2.07768,0.0571802,-7.344271,-2.898677,1.372764,0.1148183,8.739576
Indiana,2017,Public 2-year,-2.252568,0.0925037,-7.604923,-3.064715,1.388369,0.1164098,9.800884
Iowa,2009,For-Profit 2-year,-1.483397,0.0365363,5.758524,-1.614646,-0.4042296,,-17.18763
Iowa,2010,For-Profit 2-year,-1.6179,0.0369671,5.878684,-2.839277,-0.7495387,-0.049684,-16.98285
Iowa,2011,For-Profit 2-year,-1.519278,0.4756524,6.894333,-0.8545275,-0.8522059,0.0714489,-7.37781
Iowa,2012,For-Profit 2-year,-1.465915,0.1853049,7.933843,-0.0205901,-0.9142353,0.0758089,-5.462533
Iowa,2013,For-Profit 2-year,-1.604125,0.4544757,6.823167,0.4024657,-0.8555712,0.0226024,-7.71077
Iowa,2014,For-Profit 2-year,-1.341844,0.2724191,7.024192,-0.5591995,-1.22788,0.1528725,-11.03162
Iowa,2015,For-Profit 2-year,-1.95385,0.23202,5.89022,0.2838793,-0.2885211,0.1640406,-9.594309
Iowa,2016,For-Profit 2-year,-2.079903,0.1886105,5.121107,0.3421428,-0.1212734,0.1948607,-9.330667
Iowa,2017,For-Profit 2-year,-2.220003,-0.0207421,4.568226,1.262779,-0.2794312,0.0609132,-23.38187
Iowa,2009,Public 2-year,-0.7469342,0.4439512,2.683722,-0.8234532,-0.340393,,-14.231
Iowa,2010,Public 2-year,-0.8196676,0.3261179,3.0654,-1.224342,-0.569796,0.0117598,-11.30708
Iowa,2011,Public 2-year,-0.86827,0.3113277,3.796424,-0.6197165,-0.2409931,0.0735127,-13.88382
Iowa,2012,Public 2-year,-0.8136356,0.4057079,4.121536,0.1678835,-0.0170582,0.0673158,-8.473854
Iowa,2013,Public 2-year,-0.619037,0.369128,3.999209,0.3731657,0.2955679,0.1123608,-8.547009
Iowa,2014,Public 2-year,-0.8509641,0.3320822,4.405281,0.6780338,0.4233138,0.110141,-8.93369
Iowa,2015,Public 2-year,-0.8316162,0.3364218,4.698606,1.165928,0.4302427,0.1290999,-9.838266
Iowa,2016,Public 2-year,-0.7185847,0.2537937,4.287005,1.64517,0.6278424,0.0676962,-10.97644
Iowa,2017,Public 2-year,-0.7548652,0.2854329,5.182056,2.130993,0.9500636,0.0432224,-11.84217
Kansas,2009,For-Profit 2-year,-1.304063,0.9327708,11.03088,-3.753837,-1.372277,,-23.57554
Kansas,2010,For-Profit 2-year,-1.272766,0.9122237,14.31941,-4.516334,0.0774245,0.0364295,-6.635328
Kansas,2011,For-Profit 2-year,-1.332978,1.043372,15.01084,-2.342547,-0.2925483,0.1215508,-12.45094
Kansas,2012,For-Profit 2-year,-1.695798,0.2453654,13.59892,-1.474506,1.282118,0.1250975,-13.00841
Kansas,2013,For-Profit 2-year,-2.30723,0.3026592,12.17374,-1.224881,0.7448145,0.1311805,-11.29042
Kansas,2014,For-Profit 2-year,-2.456532,1.073595,11.70387,-1.92623,0.158327,0.1379459,-9.440529
Kansas,2015,For-Profit 2-year,-2.706966,1.205566,11.86455,-3.137762,-0.184616,0.439485,-7.995997
Kansas,2016,For-Profit 2-year,-3.029772,1.445245,10.80099,-3.751788,0.2960354,0.266756,-7.205317
Kansas,2017,For-Profit 2-year,-2.474884,0.4161135,13.81677,-3.687016,1.252151,0.0491416,-11.13531
Kansas,2009,Public 2-year,-0.4723978,4.644953,3.74994,-4.487448,-1.876852,,-11.37403
Kansas,2010,Public 2-year,-0.4181655,1.8032,4.459908,-2.694483,-0.9934382,0.055035,-5.4225
Kansas,2011,Public 2-year,-0.3003358,1.742529,5.105742,-1.961008,-0.8048516,0.0817299,-8.600638
Kansas,2012,Public 2-year,-0.4462116,1.832074,4.976771,-1.080932,-0.1694654,0.1220497,-7.892684
Kansas,2013,Public 2-year,-0.2842398,0.459039,5.078592,-0.200958,0.0507382,0.1362865,-7.978097
Kansas,2014,Public 2-year,-0.353642,1.723723,4.957177,0.1287302,0.3528361,0.1086315,-9.762146
Kansas,2015,Public 2-year,-0.5129535,1.91926,4.616632,1.053005,0.5356877,0.1137487,-10.82985
Kansas,2016,Public 2-year,-0.6368373,1.974174,4.497587,1.796685,0.2902463,0.0939303,-11.30684
Kansas,2017,Public 2-year,-0.6143969,0.48746,4.952358,2.069573,0.7429056,0.1206898,-11.01277
Kentucky,2009,For-Profit 2-year,-0.7162961,0.2175312,10.52166,-1.284459,1.807582,,-15.96095
Kentucky,2010,For-Profit 2-year,-1.091671,0.2200747,11.40187,-2.103574,1.793561,0.0309626,-13.69891
Kentucky,2011,For-Profit 2-year,-1.062214,0.0686457,13.08282,-1.882382,1.65879,0.0240232,-14.50899
Kentucky,2012,For-Profit 2-year,-1.096091,0.1083702,13.51447,-1.509313,1.339336,0.0451333,-16.19245
Kentucky,2013,For-Profit 2-year,-1.259323,0.140243,12.79714,-1.461302,1.158304,0.0790853,-13.0387
Kentucky,2014,For-Profit 2-year,-1.069058,-0.0676796,13.75839,-1.490042,1.357639,0.1115247,-15.03247
Kentucky,2015,For-Profit 2-year,-1.107625,0.0430309,13.17902,-0.716087,1.869521,0.1348763,-16.93095
Kentucky,2016,For-Profit 2-year,-1.023724,0.089203,10.79659,-0.1732871,2.559027,0.1983479,-16.20259
Kentucky,2017,For-Profit 2-year,-1.110836,0.0296156,6.886252,0.2615994,3.087155,0.1394538,-12.72596
Kentucky,2009,Public 2-year,-0.2817698,0.131391,1.329419,-0.9218186,,,-2.784722
Kentucky,2010,Public 2-year,-0.5443228,0.0456756,1.638557,-1.450177,-0.0407723,0.044348,0.8679987
Kentucky,2011,Public 2-year,-0.5528739,0.0767792,1.8874,-0.8609563,0.3024074,0.0243296,-0.5996917
Kentucky,2012,Public 2-year,-0.5023199,0.11915,1.469293,-0.564113,0.2465768,0.0307222,-0.647582
Kentucky,2013,Public 2-year,-0.474832,0.0701715,1.161509,-0.5111491,0.4911583,0.0397503,-0.727668
Kentucky,2014,Public 2-year,-0.4419869,0.0707219,1.609488,-0.3741375,0.7029555,0.062537,-1.678023
Kentucky,2015,Public 2-year,-0.3193701,0.045082,0.8623831,0.0144872,0.9893199,0.0529589,-1.934284
Kentucky,2016,Public 2-year,-0.2974317,-0.0078534,-0.0776727,0.3847726,1.336212,0.0295962,-0.8861357
Kentucky,2017,Public 2-year,-0.33861,-0.0173602,-0.1886106,0.8045897,1.396406,0.0256812,-1.247635
Louisiana,2009,For-Profit 2-year,-0.7590743,0.1212639,15.7574,-0.6712518,-0.4970419,,-13.90569
Louisiana,2010,For-Profit 2-year,-1.084184,0.026498,14.60722,-1.167273,-0.8648947,-0.0028179,-12.46229
Louisiana,2011,For-Profit 2-year,-0.9766248,-0.0364104,20.03822,-1.267611,-0.7054806,-0.0263634,-17.56571
Louisiana,2012,For-Profit 2-year,-1.507774,-0.1254504,23.78645,-2.035285,-0.4492742,0.0315653,-20.45546
Louisiana,2013,For-Profit 2-year,-1.63352,-0.1903298,27.02647,-2.46672,-0.3265949,-0.0117328,-22.66818
Louisiana,2014,For-Profit 2-year,-1.729236,-0.067278,27.6389,-2.552705,-0.3907828,-0.0078106,-23.39489
Louisiana,2015,For-Profit 2-year,-1.69811,-0.0872853,28.4599,-1.991067,-0.5579669,0.2798705,-25.87786
Louisiana,2016,For-Profit 2-year,-1.812481,-0.036448,31.53892,-2.368341,-0.1779608,0.045998,-27.71406
Louisiana,2017,For-Profit 2-year,-2.189815,0.0160391,32.16291,-3.237897,-0.4225004,0.0444349,-26.78395
Louisiana,2009,Public 2-year,-0.1265479,0.2859058,2.009495,-1.194573,-0.1064888,,-5.680639
Louisiana,2010,Public 2-year,-0.8142816,0.1409462,7.218829,-2.728535,-0.2176392,-0.0021062,-6.323615
Louisiana,2011,Public 2-year,-1.233561,0.1331202,2.333607,-2.494245,-0.1429743,0.0138394,-14.95309
Louisiana,2012,Public 2-year,-0.8766438,0.134244,6.053608,-0.5431739,0.3354418,0.0489029,-9.410759
Louisiana,2013,Public 2-year,-0.890802,0.1199098,6.869276,-0.6570032,0.3805439,0.0646212,-9.193514
Louisiana,2014,Public 2-year,-0.8322443,0.1738195,6.878036,-0.8665289,0.4561024,0.0917125,-10.01062
Louisiana,2015,Public 2-year,-0.9361594,0.2678464,6.800547,-0.9635771,0.567174,0.09457,-9.46065
Louisiana,2016,Public 2-year,-0.8826225,0.2976196,6.546537,-0.9582614,0.861303,0.08064,-8.616501
Louisiana,2017,Public 2-year,-0.9581121,0.3136587,7.305047,-0.7979038,1.019556,0.1226369,-8.595153
Maine,2009,For-Profit 2-year,-2.00257,-0.2868237,-1.427256,-1.617586,-1.074644,,-49.34627
Maine,2010,For-Profit 2-year,-2.009912,-0.2250209,-1.639445,-1.423539,-1.364328,-0.0390758,-47.13476
Maine,2011,For-Profit 2-year,-0.9143673,-0.1408081,0.6969448,0.2632304,-1.252033,-0.0226861,-21.54705
Maine,2012,For-Profit 2-year,-0.8494051,0.0886648,1.40106,0.3508052,-1.316319,0.1214633,-3.769521
Maine,2013,For-Profit 2-year,-0.9359773,0.4784409,1.865088,1.104511,-1.34797,0.399616,-3.072429
Maine,2014,For-Profit 2-year,-0.7906634,0.1657058,1.254989,1.008338,-1.479166,0.4041704,-3.779292
Maine,2015,For-Profit 2-year,-1.111427,0.4138739,0.7739748,0.7654721,-1.03903,0.1492307,-6.74542
Maine,2016,For-Profit 2-year,-0.7674366,0.9195215,1.072474,0.7917235,-1.128683,0.1848628,-9.648554
Maine,2017,For-Profit 2-year,-2.006152,0.2011511,-0.1943475,-0.1427608,-0.549723,0,-19.91954
Maine,2009,Public 2-year,-0.4913096,1.355843,0.3335014,-0.7183942,-0.9697263,,-12.32198
Maine,2010,Public 2-year,-0.747371,0.6133695,0.3766037,-0.5046324,-1.087831,-0.0148169,-7.252664
Maine,2011,Public 2-year,-0.813049,0.5506639,0.6650799,-0.5121368,0.1003161,0.018615,-8.663626
Maine,2012,Public 2-year,-0.8242841,0.5314395,1.115266,-0.4352887,0.0763154,0.0735787,-5.102204
Maine,2013,Public 2-year,-0.877654,0.6604506,1.083832,0.0521015,0.1790553,0.0723081,-4.936249
Maine,2014,Public 2-year,-0.643375,0.6551765,1.42175,0.2999822,0.207966,0.1144899,-5.475276
Maine,2015,Public 2-year,-0.6557337,0.3846143,1.80343,0.5721712,0.1267521,0.0877245,-6.129799
Maine,2016,Public 2-year,-0.7067295,0.3907885,2.497298,0.3961794,0.4986186,0.0815703,-6.573058
Maine,2017,Public 2-year,-0.6797717,0.3082252,2.642267,0.3056789,0.3778577,0.0826927,-6.053088
Maryland,2009,For-Profit 2-year,-2.915349,-0.0275023,17.84879,-0.8592045,-1.300695,,-15.79998
Maryland,2010,For-Profit 2-year,-4.689514,-0.1226695,19.47807,-3.719827,-1.667026,-0.0204071,-11.58382
Maryland,2011,For-Profit 2-year,-4.757155,0.1905389,20.7027,-2.895066,-1.190309,0.0957999,-12.70977
Maryland,2012,For-Profit 2-year,-5.25551,0.3167162,20.54411,-1.935503,-0.9118305,0.0394803,-12.23906
Maryland,2013,For-Profit 2-year,-4.62842,0.4263578,20.92372,-1.705021,-1.008952,0.0636722,-12.03826
Maryland,2014,For-Profit 2-year,-4.732646,0.4322448,19.10004,-1.003625,-0.889202,0.2419152,-11.48389
Maryland,2015,For-Profit 2-year,-5.272692,0.0844226,14.48846,0.0338259,8.941619,0.0208732,-16.66824
Maryland,2016,For-Profit 2-year,-5.888747,-0.0013197,19.94307,1.240727,-0.4852229,0.1591446,-16.10306
Maryland,2017,For-Profit 2-year,-5.695803,-0.0566551,27.95129,7.162343,-0.2789993,0.0100989,-27.73421
Maryland,2009,Public 2-year,0.2305485,0.1546184,4.605823,-2.59718,,,-6.529412
Maryland,2010,Public 2-year,-1.464272,0.0615123,3.713308,-2.533379,-0.9556208,0.1105176,-0.8776706
Maryland,2011,Public 2-year,-1.509175,0.0812116,4.336539,-2.468591,0.0676924,0.1644303,-2.709204
Maryland,2012,Public 2-year,-1.624528,0.0583509,2.778749,-2.038487,0.3984046,0.1859437,-1.310394
Maryland,2013,Public 2-year,-1.527354,0.0464134,3.232056,-1.600247,0.7883162,0.165567,-1.96635
Maryland,2014,Public 2-year,-1.635455,0.1113509,3.259525,-1.331539,0.9178035,0.1685429,-2.513216
Maryland,2015,Public 2-year,-1.694452,0.2081749,3.2081,-0.8216308,0.853929,0.1558874,-3.135815
Maryland,2016,Public 2-year,-1.58932,0.0644347,3.199378,-0.3248745,1.210659,0.1579807,-4.038738
Maryland,2017,Public 2-year,-1.67298,0.0527611,2.972753,0.0260718,1.349002,0.1510073,-4.407765
Massachusetts,2009,For-Profit 2-year,-2.871543,0.1938172,9.569996,11.60898,-0.7036859,,-22.83644
Massachusetts,2010,For-Profit 2-year,-3.642063,0.1345969,10.28018,8.479612,-0.9164628,0.0253104,-17.53143
Massachusetts,2011,For-Profit 2-year,-3.967554,0.2548269,11.55998,8.624029,-0.154221,-0.0361857,-20.42516
Massachusetts,2012,For-Profit 2-year,-3.622509,0.0587927,10.69618,5.502211,1.348063,-0.0048038,-19.70774
Massachusetts,2013,For-Profit 2-year,-3.205372,0.0436975,11.67781,7.564897,1.266885,0.1463342,-22.12292
Massachusetts,2014,For-Profit 2-year,-2.395734,0.1697972,12.37287,5.458756,0.6749671,0.0727337,-20.751
Massachusetts,2015,For-Profit 2-year,-2.798956,0.1217309,10.35607,4.509284,1.098622,0.1731661,-20.04274
Massachusetts,2016,For-Profit 2-year,-3.134412,-0.0526644,9.083379,6.707262,1.740628,0.1190173,-19.83607
Massachusetts,2017,For-Profit 2-year,-5.127971,0.3154254,5.805315,9.955034,-1.242063,-0.0338236,-12.79857
Massachusetts,2009,Public 2-year,-0.8077807,0.2834648,6.226732,2.316352,-1.576539,,-12.34939
Massachusetts,2010,Public 2-year,-1.657435,0.141445,5.163105,3.003819,-1.503729,0.0897085,-6.088335
Massachusetts,2011,Public 2-year,-1.806762,0.2220714,5.164309,5.280989,0.0781206,0.0669883,-10.85307
Massachusetts,2012,Public 2-year,-1.988191,0.1552939,6.097632,5.551013,-0.1605077,0.1134349,-10.74629
Massachusetts,2013,Public 2-year,-1.813595,0.1499911,6.556262,6.07845,-0.521701,0.0968944,-11.72525
Massachusetts,2014,Public 2-year,-2.105195,0.1408516,7.486131,6.724561,-0.1654864,0.0839636,-12.67171
Massachusetts,2015,Public 2-year,-2.323423,0.1371347,7.330707,7.191728,-0.0714613,0.0996187,-12.7122
Massachusetts,2016,Public 2-year,-2.258801,0.1259713,7.358457,7.099676,0.0982248,0.0801872,-13.28174
Massachusetts,2017,Public 2-year,-2.337462,0.0662104,7.354439,7.002412,0.3185508,0.0670831,-13.96949
Michigan,2009,For-Profit 2-year,-2.218895,0.1865676,4.476033,-0.3873923,-1.176802,,-12.9416
Michigan,2010,For-Profit 2-year,-2.025943,0.0168731,12.28492,-1.136208,-1.534588,0.0238766,-13.51351
Michigan,2011,For-Profit 2-year,-1.898743,0.1828919,12.68313,-1.055867,-0.7325135,0.1335059,-12.97804
Michigan,2012,For-Profit 2-year,-2.095388,0.1685795,12.96531,-0.2795513,-0.4879695,0.0573717,-14.649
Michigan,2013,For-Profit 2-year,-2.326502,0.2837792,11.38622,0.4567795,0.122839,0.0129371,-14.98769
Michigan,2014,For-Profit 2-year,-2.616071,0.126232,7.494759,0.2915859,0.4672475,-0.0064781,-17.53797
Michigan,2015,For-Profit 2-year,-2.343642,0.2345646,14.29675,-0.2185296,0.6535705,0.1772854,-15.05647
Michigan,2016,For-Profit 2-year,-3.428687,0.2091152,9.428591,2.258905,0.5451109,0.0732342,-14.98493
Michigan,2017,For-Profit 2-year,-3.932027,0.2925976,-1.447468,6.621466,1.744495,0.5280218,-4.972182
Michigan,2009,Public 2-year,-1.550808,0.5552719,-2.42566,-1.570637,,,-7.338669
Michigan,2010,Public 2-year,-1.369923,0.3814832,-1.753098,-1.602295,-1.208693,0.0555273,-7.244521
Michigan,2011,Public 2-year,-1.482457,0.5356911,1.671585,-1.301025,-0.4617785,0.0706317,-7.581677
Michigan,2012,Public 2-year,-1.342871,0.5608969,1.096754,-1.077397,-0.2259309,0.0985002,-6.993975
Michigan,2013,Public 2-year,-1.282443,0.4875619,0.9304749,-0.9890749,0.0213571,0.0831569,-5.990783
Michigan,2014,Public 2-year,-1.400625,0.5256772,0.2411856,-0.4029814,0.3016427,0.0833356,-5.480935
Michigan,2015,Public 2-year,-1.218071,0.4483487,-2.260173,-0.3644897,0.8634351,0.0914665,-3.147025
Michigan,2016,Public 2-year,-1.317691,0.4526004,-1.080844,0.0783646,0.704316,0.0814548,-4.151997
Michigan,2017,Public 2-year,-1.387543,0.4048103,-1.429336,0.3124586,0.8863899,0.0779255,-4.122615
Minnesota,2009,For-Profit 2-year,-0.686019,0.2241605,1.753064,-2.325018,2.274134,,-11.46464
Minnesota,2010,For-Profit 2-year,-0.6717424,0.1027987,2.329108,-2.783805,0.3629216,0.0574005,-6.511616
Minnesota,2011,For-Profit 2-year,-0.3903805,0.3082544,6.471838,-1.832507,0.6994279,0.1919249,-12.23752
Minnesota,2012,For-Profit 2-year,-0.2172317,0.3710661,4.072494,-2.601501,0.6049013,0.1805662,-10.44047
Minnesota,2013,For-Profit 2-year,-0.6459856,0.2749313,3.806846,-2.730023,0.7841899,0.1331892,-9.821197
Minnesota,2014,For-Profit 2-year,-1.023572,0.2825622,5.10626,-3.019156,0.4480351,0.2066074,-10.09262
Minnesota,2015,For-Profit 2-year,-1.015657,0.4152436,4.801136,-3.01321,-0.5568188,0.2159591,-7.588523
Minnesota,2016,For-Profit 2-year,-0.6040171,0.9545293,5.078722,-3.939689,-1.757193,0.1941524,-9.370246
Minnesota,2017,For-Profit 2-year,-0.9494241,-0.5244958,5.985374,-1.35743,-2.2997,0.1744329,-12.24311
Minnesota,2009,Public 2-year,1.793113,0.7803327,8.188275,-2.157535,,,-7.274922
Minnesota,2010,Public 2-year,0.0770106,0.3154576,4.750737,-0.5190083,2.450339,0.0412558,-6.604339
Minnesota,2011,Public 2-year,0.5899962,0.2534999,5.754996,0.0457899,2.62669,0.0662931,-9.459706
Minnesota,2012,Public 2-year,0.553068,0.4266412,6.357213,0.2990547,2.601174,0.0778151,-10.2185
Minnesota,2013,Public 2-year,0.87037,0.3917397,6.367978,0.5494458,2.600197,0.0618219,-10.46464
Minnesota,2014,Public 2-year,1.146119,0.4511507,6.625791,0.7949882,2.397031,0.0734423,-11.44984
Minnesota,2015,Public 2-year,1.161328,0.462358,6.941589,1.478665,2.028465,0.0881007,-12.2359
Minnesota,2016,Public 2-year,1.313697,0.3523497,6.809862,2.00349,2.098106,0.0774505,-12.65303
Minnesota,2017,Public 2-year,1.073843,0.2783906,7.30825,2.229522,2.290628,0.0667385,-13.00879
Mississippi,2009,For-Profit 2-year,-1.433253,-0.170974,32.59783,-0.9647833,-0.545105,,-28.95557
Mississippi,2010,For-Profit 2-year,-0.9060301,-0.1898996,22.60827,-1.610266,-0.9450344,-0.0693728,-19.89791
Mississippi,2011,For-Profit 2-year,-1.221101,-0.20009,25.66942,-1.92728,-0.1880169,0.0108431,-21.55012
Mississippi,2012,For-Profit 2-year,-1.57738,-0.1189558,26.24316,-2.507328,-0.0998597,0.1455501,-21.86627
Mississippi,2013,For-Profit 2-year,-1.880271,0.1224972,28.98938,-2.722731,-0.1156252,0.0395345,-24.10233
Mississippi,2014,For-Profit 2-year,-1.525025,0.0278105,27.37909,-1.823112,-0.2128586,0.0468969,-25.55845
Mississippi,2015,For-Profit 2-year,-1.671154,-0.1989306,28.20673,-1.173977,-0.4808688,-0.0108017,-26.78777
Mississippi,2016,For-Profit 2-year,-1.394983,-0.2060669,30.94857,-1.85537,-0.6056051,-0.023381,-30.7478
Mississippi,2017,For-Profit 2-year,-2.11989,-0.1233869,31.9486,-1.890414,0.2743481,0.1337818,-31.35465
Mississippi,2009,Public 2-year,-1.079922,0.1085551,-1.238266,-2.400299,,,5.08092
Mississippi,2010,Public 2-year,-0.3441376,-0.0845962,5.614059,-2.163949,-0.6259841,0.0988532,-3.092447
Mississippi,2011,Public 2-year,-0.3032667,-0.073769,5.112193,-2.116143,-0.4765614,0.0775682,-4.44357
Mississippi,2012,Public 2-year,-0.2962758,-0.0515595,4.060447,-2.137178,-0.3631822,0.0769588,-2.156386
Mississippi,2013,Public 2-year,-0.2203403,-0.0399829,3.121432,-1.907088,0.0650346,0.0998708,-2.808588
Mississippi,2014,Public 2-year,-0.2396306,-0.0133211,3.284225,-1.817065,0.3184798,0.0411508,-2.313978
Mississippi,2015,Public 2-year,-0.3237939,-0.0124022,1.308193,-1.598404,0.662647,0.0551015,-4.181648
Mississippi,2016,Public 2-year,-0.3584846,0.0476346,2.072827,-1.213639,0.9395562,0.032643,-1.806054
Mississippi,2017,Public 2-year,-0.2722827,0.0495081,2.039731,-0.9435897,0.7771387,0.0459191,-2.190042
Missouri,2009,For-Profit 2-year,-1.289032,0.0590258,14.44466,-1.885266,-1.130345,,-18.1451
Missouri,2010,For-Profit 2-year,-1.693226,0.0994569,15.59067,-2.328731,-0.8003483,0.048464,-16.62298
Missouri,2011,For-Profit 2-year,-1.540305,0.2947167,17.50753,-2.088615,-0.2686675,0.4293067,-18.85006
Missouri,2012,For-Profit 2-year,-1.666951,0.1614899,17.41622,-1.781892,-0.0539481,0.1040941,-17.4945
Missouri,2013,For-Profit 2-year,-1.65853,0.324432,19.39736,-2.08621,0.1657347,0.1218235,-18.88145
Missouri,2014,For-Profit 2-year,-1.906757,0.3612309,21.17082,-2.1822,0.4172467,0.1278074,-21.08599
Missouri,2015,For-Profit 2-year,-2.046209,0.4160105,19.69705,-2.066583,0.3493617,0.1237974,-19.73372
Missouri,2016,For-Profit 2-year,-1.838679,0.2748108,21.38538,-1.554271,-0.1605705,0.1976633,-20.50924
Missouri,2017,For-Profit 2-year,-2.159495,0.4993888,21.38561,-0.9448818,0.0939996,0.1847778,-20.38248
Missouri,2009,Public 2-year,-0.2928995,0.445575,1.113313,-0.2760562,0.4280804,,-4.4065
Missouri,2010,Public 2-year,-0.9636673,0.214529,0.6674392,-0.9071115,-0.2827155,0.0072291,-1.44329
Missouri,2011,Public 2-year,-0.9353021,0.1610309,0.9750986,-0.6990342,-0.3443718,0.0539876,-1.155215
Missouri,2012,Public 2-year,-0.6247259,0.0578154,-2.510556,-0.7182192,0.4444928,0.0412325,2.090887
Missouri,2013,Public 2-year,-0.5112796,0.0736276,-2.469104,-0.3670116,0.4927261,0.0159244,1.91099
Missouri,2014,Public 2-year,-0.3706194,0.1345904,-3.353023,-0.1926179,1.13467,0.0207899,1.720919
Missouri,2015,Public 2-year,-0.3660032,0.126811,-4.099563,0.3553098,1.585757,0.0168482,1.662876
Missouri,2016,Public 2-year,-0.3866926,0.0245585,-3.788393,0.5062879,2.068865,0.0675125,0.2267529
Missouri,2017,Public 2-year,-0.4576998,0.0308231,-3.909797,0.5553553,2.208241,0.0462101,-0.0213013
Montana,2009,Public 2-year,0.7631832,2.104547,-0.3583824,-0.2683889,,,-4.247522
Montana,2010,Public 2-year,0.1170608,8.016045,0.2994715,-0.4689816,-1.562926,0.0602931,-10.75296
Montana,2011,Public 2-year,0.1678652,7.960567,0.3730289,-0.4141923,-0.9011419,0.0082766,-12.83362
Montana,2012,Public 2-year,0.2061312,7.570922,0.2598726,-0.3763809,-1.301596,0.0524417,-11.09827
Montana,2013,Public 2-year,0.1245696,8.135419,0.2600057,-0.5150063,-0.7040195,0.0894975,-11.33702
Montana,2014,Public 2-year,0.2650352,7.951882,0.2803667,-0.7305568,-1.004578,0.1119314,-11.02037
Montana,2015,Public 2-year,0.2855452,7.854107,0.1054302,-0.8091393,-1.030205,-0.0290416,-10.37328
Montana,2016,Public 2-year,0.3720097,7.991746,0.1310955,-0.9569342,-1.115194,0.0864737,-10.90651
Montana,2017,Public 2-year,0.1922403,7.370557,0.5342931,-1.405723,-1.104224,0.0336221,-9.784166
Nebraska,2009,For-Profit 2-year,-1.609241,-0.2672831,3.07335,-4.385008,-1.638336,,-31.64045
Nebraska,2010,For-Profit 2-year,-1.811916,0.1973472,5.930681,-5.898953,-1.171032,0.0260452,-27.10807
Nebraska,2011,For-Profit 2-year,-1.511182,0.5484633,8.791539,-3.508677,-1.111424,0.1393145,-12.03412
Nebraska,2012,For-Profit 2-year,-1.419112,0.4659128,10.01509,-1.504008,-1.127778,0.2384019,-7.276925
Nebraska,2013,For-Profit 2-year,-1.172966,0.0637634,13.54242,-1.515399,-1.243893,0.0781857,-9.416052
Nebraska,2014,For-Profit 2-year,-1.801551,0.0134117,12.49139,-1.899934,-0.886112,0.1293266,-8.587961
Nebraska,2015,For-Profit 2-year,-1.977909,0.0199388,13.05774,-2.870131,0.699909,0.0491676,-12.30999
Nebraska,2016,For-Profit 2-year,-1.897817,0.450785,9.537093,-3.996031,0.5376947,0.1871305,-12.34077
Nebraska,2017,For-Profit 2-year,-1.984664,-0.1192472,9.2795,-1.535523,0.6084802,0.5723673,-6.726076
Nebraska,2009,Public 2-year,-0.3537501,0.3192281,3.285408,-2.144269,-1.29867,,-0.9772237
Nebraska,2010,Public 2-year,-0.7143025,0.0610414,2.609025,-2.992331,-0.9791964,0.0818172,2.288127
Nebraska,2011,Public 2-year,-0.8212952,0.8874624,2.772488,-2.016531,-0.6199889,0.1193882,-1.571251
Nebraska,2012,Public 2-year,-0.6600682,0.6147723,2.51433,-2.661501,-1.061476,0.0984871,0.6220288
Nebraska,2013,Public 2-year,-0.6628699,0.6426715,2.436821,-2.147356,-0.910984,0.107112,-0.5970104
Nebraska,2014,Public 2-year,-0.5516676,0.4709442,2.003788,-1.387296,-0.0993624,0.1131568,-1.364148
Nebraska,2015,Public 2-year,-0.6325564,0.6531422,1.730656,-1.122703,0.2578345,0.1435056,-2.658057
Nebraska,2016,Public 2-year,-0.6208118,0.7840685,1.630331,-0.3840412,0.6326396,0.0555142,-3.655329
Nebraska,2017,Public 2-year,-0.7179512,0.5779339,1.261007,0.4602886,0.5779375,0.0438142,-4.518076
Nevada,2009,For-Profit 2-year,3.965189,0.7900925,8.390388,-6.28661,1.031176,,-10.40111
Nevada,2010,For-Profit 2-year,2.398216,0.5793405,6.536815,-3.695326,-0.1992085,0.2130804,-4.721439
Nevada,2011,For-Profit 2-year,1.64259,0.7871494,6.486705,-4.16353,0.5196215,1.257008,-6.877474
Nevada,2012,For-Profit 2-year,1.13071,0.9456059,6.60526,-5.398299,0.9440819,1.801989,-4.474651
Nevada,2013,For-Profit 2-year,1.70607,0.81743,7.008708,-4.841265,1.403723,1.785373,-4.54445
Nevada,2014,For-Profit 2-year,1.375861,0.8344865,7.205705,-2.243964,1.014156,1.786388,-5.500837
Nevada,2015,For-Profit 2-year,1.919869,0.7300547,6.024608,-1.641211,2.573563,1.4863,-5.982946
Nevada,2016,For-Profit 2-year,1.039607,0.087885,4.324144,1.311196,-0.2883307,1.080895,-6.791518
Nevada,2017,For-Profit 2-year,0.770874,-0.2189047,8.425182,4.979712,0.0631929,1.138399,-7.038762
Nevada,2009,Public 2-year,3.589053,0.1828096,2.037252,-3.954857,0.1238739,,0.3409008
Nevada,2010,Public 2-year,0.1688541,0.1894884,1.97341,-0.7826653,-0.698225,1.378852,4.949035
Nevada,2011,Public 2-year,-0.0840758,0.3083846,2.381952,-4.041947,0.3199749,1.119076,-1.751643
Nevada,2012,Public 2-year,0.2109753,0.1874684,1.431339,-2.074932,1.29825,0.8948222,-2.223664
Nevada,2013,Public 2-year,0.1677079,0.1812915,1.14122,-0.6573127,1.001483,0.8925146,-2.163047
Nevada,2014,Public 2-year,0.1258799,0.1160939,1.704714,-0.160135,1.222673,0.7278603,-2.727173
Nevada,2015,Public 2-year,0.4138143,0.0140761,1.183499,1.100031,1.400988,0.6702459,-3.143299
Nevada,2016,Public 2-year,0.3539347,-0.1159287,0.8086182,3.062182,1.575571,0.6481029,-4.225983
Nevada,2017,Public 2-year,0.1004593,-0.1309059,0.4751601,4.651646,1.679548,0.4594785,-4.701002
New Hampshire,2009,For-Profit 2-year,-1.270584,-0.0018148,0.596246,7.377177,-0.5992554,,-43.49991
New Hampshire,2010,For-Profit 2-year,-1.598802,0.1470185,0.7143527,6.476052,-0.922507,-0.0369532,-35.16156
New Hampshire,2011,For-Profit 2-year,-1.387521,0.3361853,1.888165,10.87271,-1.09322,-0.0043796,-23.70478
New Hampshire,2012,For-Profit 2-year,-1.488616,0.5830787,1.290233,9.789285,-1.287081,0.0500207,-18.05931
New Hampshire,2013,For-Profit 2-year,-1.86552,0.232457,1.023004,11.43842,-1.404584,0.2453359,-15.01941
New Hampshire,2014,For-Profit 2-year,-1.642797,0.3327416,5.782134,16.52905,-1.544606,0.1724514,-22.30368
New Hampshire,2015,For-Profit 2-year,-2.094248,0.3608619,9.155688,12.31923,-0.779655,0.109659,-25.61713
New Hampshire,2009,Public 2-year,-0.1152181,0.275742,0.7429555,-0.995038,,,-9.990542
New Hampshire,2010,Public 2-year,-1.431641,0.1633506,0.1410495,-0.6500686,-0.3617727,0.0338533,-22.49069
New Hampshire,2011,Public 2-year,-1.048705,0.2411918,0.2147485,-0.4379211,-0.12072,0.098694,-16.18201
New Hampshire,2012,Public 2-year,-0.6570674,0.2636806,0.2349724,0.2463816,0.0178478,0.1085488,-10.2824
New Hampshire,2013,Public 2-year,-0.5997719,0.2974535,0.4958796,-0.0863268,0.1855858,0.1104586,-8.720936
New Hampshire,2014,Public 2-year,-0.6132763,0.2454101,0.4854555,-0.2625241,-0.0530783,0.0593834,-10.64899
New Hampshire,2015,Public 2-year,-0.6286404,0.2043714,-0.1133443,0.1746659,0.5094097,0.1045655,-10.13056
New Hampshire,2016,Public 2-year,-0.9067097,0.1942595,0.131474,-0.1695204,0.6086503,0.1656779,-8.267792
New Hampshire,2017,Public 2-year,-1.284884,0.3323306,0.7050967,0.5664125,0.230449,0.5736964,-7.744763
New Jersey,2009,For-Profit 2-year,-0.4096435,-0.2260812,10.76744,9.48798,-1.348781,,-16.57365
New Jersey,2010,For-Profit 2-year,-2.432935,-0.1239955,18.39446,-2.057322,-2.54205,0.2726655,-6.265437
New Jersey,2011,For-Profit 2-year,-4.086736,-0.0949954,24.8203,-2.928727,-1.03381,0.4103249,-11.19915
New Jersey,2012,For-Profit 2-year,-5.650615,-0.0086172,29.65963,-4.983121,-1.188701,0.9312856,-14.44421
New Jersey,2013,For-Profit 2-year,-6.104406,0.0649044,32.12252,-5.119467,-1.817364,0.8709465,-16.79239
New Jersey,2014,For-Profit 2-year,-6.443092,0.0125662,22.35428,3.382318,-1.857914,0.5007261,-25.33518
New Jersey,2015,For-Profit 2-year,-6.366959,-0.0425934,19.551,6.181833,-1.745966,0.5471724,-26.50637
New Jersey,2016,For-Profit 2-year,-6.341976,0.026366,21.37856,5.237987,-1.595003,0.5916721,-25.55325
New Jersey,2017,For-Profit 2-year,-6.642705,0.0816708,22.45918,4.774194,-1.241743,0.4398391,-24.70584
New Jersey,2009,Public 2-year,-1.645337,0.0795773,1.190929,2.885338,-1.152407,,-7.141765
New Jersey,2010,Public 2-year,-3.782694,0.0244829,2.422827,1.782668,-1.880122,0.4634004,-4.816396
New Jersey,2011,Public 2-year,-3.543082,0.1238616,2.535412,2.714562,-0.8204627,0.3890986,-5.712717
New Jersey,2012,Public 2-year,-3.66908,0.0926829,2.412492,3.169855,-0.6928396,0.3226258,-5.498588
New Jersey,2013,Public 2-year,-3.966518,0.1920576,2.884552,3.524111,-0.751232,0.3260836,-5.881909
New Jersey,2014,Public 2-year,-3.828666,0.1936094,2.251549,4.0389,-0.5441459,0.3177172,-5.452571
New Jersey,2015,Public 2-year,-3.82007,0.2235086,1.997401,4.507709,-0.2946244,0.2607192,-5.308854
New Jersey,2016,Public 2-year,-3.809725,0.2268541,1.129343,4.780998,-0.2047047,0.2334599,-5.346499
New Jersey,2017,Public 2-year,-3.698817,0.2272392,0.6782091,5.305418,-0.1711578,0.2361463,-5.246487
New Mexico,2009,For-Profit 2-year,-1.537926,6.369074,-0.0422658,-1.633252,14.04485,,-17.4461
New Mexico,2010,For-Profit 2-year,-1.450956,5.894166,0.5868168,-0.3479665,-0.9090642,0.0176933,-11.77283
New Mexico,2011,For-Profit 2-year,-0.8912596,6.012686,1.502559,5.722494,0.1413673,0.0772513,-7.222048
New Mexico,2012,For-Profit 2-year,-0.9779741,7.719671,2.530386,7.297269,0.0875502,0.0784215,-6.743346
New Mexico,2013,For-Profit 2-year,-0.7062232,8.877408,1.905264,5.984624,0.7315219,-0.0104224,-5.850991
New Mexico,2014,For-Profit 2-year,-0.869386,8.628235,1.546501,9.946079,-0.9707469,0.0270815,-7.601253
New Mexico,2015,For-Profit 2-year,-0.4891325,8.882833,1.184994,9.508696,-1.286283,0.0321537,-7.222826
New Mexico,2016,For-Profit 2-year,-0.6617638,10.9596,0.8062502,12.48562,-1.570061,-0.0369348,-10.87804
New Mexico,2017,For-Profit 2-year,-0.9069313,10.87827,-0.1402751,15.40756,-1.627015,0.1279869,-13.4998
New Mexico,2009,Public 2-year,-0.1551649,4.575943,0.8152798,5.240318,,,-4.127472
New Mexico,2010,Public 2-year,-0.1275042,2.552537,1.177621,5.101743,-1.764656,0.1215141,0.8837112
New Mexico,2011,Public 2-year,-0.2399943,4.606008,0.8577378,2.786716,-0.4304979,0.2169006,-1.722033
New Mexico,2012,Public 2-year,-0.2026814,5.421762,0.8258657,3.48396,-0.7365491,0.2116961,-2.831815
New Mexico,2013,Public 2-year,-0.314269,5.713147,0.8813865,3.412866,-0.7591701,0.176599,-3.480198
New Mexico,2014,Public 2-year,-0.2736971,6.44581,0.5690312,3.064763,-0.845109,0.1824192,-3.779011
New Mexico,2015,Public 2-year,-0.2692017,5.435434,0.4407258,3.982666,-0.9171681,0.1492919,-3.770084
New Mexico,2016,Public 2-year,-0.2325777,5.147358,0.4323642,4.099633,-0.7765594,0.1263883,-3.844617
New Mexico,2017,Public 2-year,-0.1331531,4.823162,0.4109934,4.135301,-0.8171316,0.132764,-3.877763
New York,2009,For-Profit 2-year,-4.494099,0.0258143,17.40607,9.478172,0.2340876,,-24.82607
New York,2010,For-Profit 2-year,-5.190844,-0.1051802,17.19844,8.052017,-1.527926,0.0584653,-20.73689
New York,2011,For-Profit 2-year,-5.217313,0.0744438,16.44842,8.705335,-0.1551288,0.0770568,-21.64181
New York,2012,For-Profit 2-year,-5.696481,0.0827369,15.30722,7.289323,-0.4619166,0.1003428,-22.73891
New York,2013,For-Profit 2-year,-5.941402,0.0487668,17.12296,8.366723,-0.4786941,0.1182818,-22.32973
New York,2014,For-Profit 2-year,-5.912043,0.1100935,18.30615,7.845563,-0.3475848,0.2092699,-22.41942
New York,2015,For-Profit 2-year,-6.003384,0.1089557,19.17946,6.714007,-0.2909448,0.1915463,-22.13939
New York,2016,For-Profit 2-year,-4.704824,0.0954249,16.19385,5.271272,-0.0129845,0.1555208,-19.02912
New York,2017,For-Profit 2-year,-3.164866,0.0732398,15.33,4.603657,0.21167,0.1420614,-19.33785
New York,2009,Public 2-year,-0.5979878,0.1971856,6.155313,2.113657,-0.6527164,,-6.263294
New York,2010,Public 2-year,-1.195847,-0.0133407,4.971887,1.816384,-1.676862,0.112744,-4.270962
New York,2011,Public 2-year,-1.170055,0.0874616,5.357667,3.215977,-0.739639,0.14613,-6.228175
New York,2012,Public 2-year,-1.044648,0.0982317,5.364119,4.143397,-0.6068506,0.1835726,-6.708297
New York,2013,Public 2-year,-1.040593,0.1347506,5.164563,5.376168,-0.5682704,0.1848955,-7.142648
New York,2014,Public 2-year,-1.443482,0.1233956,3.545956,6.412681,-0.3106852,0.2032278,-6.395993
New York,2015,Public 2-year,-1.344288,0.1466015,3.609318,7.18155,-0.3125637,0.1893762,-8.195826
New York,2016,Public 2-year,-1.227482,0.1792575,3.80836,7.676722,-0.3242618,0.1864429,-8.091678
New York,2017,Public 2-year,-0.7630137,0.1347301,5.493495,8.136521,-0.2846767,0.1712312,-9.984906
North Carolina,2009,For-Profit 2-year,-0.6704546,-0.1309657,20.47923,-1.892996,-0.107807,,-17.79422
North Carolina,2010,For-Profit 2-year,-1.500778,-0.5458806,26.6428,-3.451345,-1.248482,-0.0964644,-18.82154
North Carolina,2011,For-Profit 2-year,-1.930931,-0.4557959,25.02801,-3.430805,-0.6121408,-0.0387249,-24.51181
North Carolina,2012,For-Profit 2-year,-1.636358,-0.4602085,23.83537,-2.475937,-0.066202,-0.0433922,-26.28828
North Carolina,2013,For-Profit 2-year,-1.82238,1.300466,27.26511,-2.416916,-0.592007,0.2062698,-25.3616
North Carolina,2014,For-Profit 2-year,-1.840968,-0.1852023,31.51876,-2.620763,-0.2536688,0.1957305,-27.10212
North Carolina,2015,For-Profit 2-year,-1.992492,-0.433559,32.61936,-3.388226,2.514294,0.2286179,-29.0633
North Carolina,2016,For-Profit 2-year,-2.182504,-0.1264028,34.35285,-4.286357,0.0430816,0.1253538,-27.26216
North Carolina,2017,For-Profit 2-year,-2.521649,0.1744174,31.97862,-2.604355,-0.3574481,0.1834657,-27.31487
North Carolina,2009,Public 2-year,-0.3972171,1.250503,-0.085676,-2.900855,-1.080166,,2.160677
North Carolina,2010,Public 2-year,-1.3782,0.5346497,3.86094,-4.786398,-1.178841,0.0075447,-0.356452
North Carolina,2011,Public 2-year,-1.1555,0.7185757,5.071921,-3.642402,-0.6696978,0.0377719,-3.471246
North Carolina,2012,Public 2-year,-1.283915,0.6806533,4.061861,-3.184162,-0.5530366,0.0764657,-2.775483
North Carolina,2013,Public 2-year,-1.140405,0.6491914,3.902876,-2.560368,-0.1701567,0.1000177,-3.178265
North Carolina,2014,Public 2-year,-1.106151,0.6163148,3.215753,-2.033334,0.1488879,0.0962511,-3.005559
North Carolina,2015,Public 2-year,-1.037982,0.6097834,1.376354,-1.187029,0.3687698,0.1074903,-2.201418
North Carolina,2016,Public 2-year,-1.026404,0.561093,0.7921744,-0.0454025,0.4866471,0.0675354,-2.669124
North Carolina,2017,Public 2-year,-0.9271423,0.5685637,0.2104159,0.64514,0.6121072,0.0972575,-2.662114
North Dakota,2009,For-Profit 2-year,-0.8828536,1.344001,1.537278,-0.7203258,-0.2501185,,0.1335204
North Dakota,2010,For-Profit 2-year,-1.079589,1.464157,0.3824573,-1.225285,-0.9242738,0.584305,1.470762
North Dakota,2011,For-Profit 2-year,-1.08648,1.322929,0.475828,-0.8887135,-0.6166489,0.1621338,1.294184
North Dakota,2012,For-Profit 2-year,-1.665354,-0.2691585,-1.03204,-1.259343,-0.8571524,0.2371515,-24.66814
North Dakota,2013,For-Profit 2-year,-2.123501,-0.5531182,-1.257497,-1.926682,-1.421743,0.294232,-42.26016
North Dakota,2014,For-Profit 2-year,-1.654065,0.5559145,-0.3383465,-1.272094,-0.8882085,0.0959598,-18.8574
North Dakota,2015,For-Profit 2-year,-1.315699,1.460518,1.995267,-1.724482,-0.7062711,-0.0498339,-9.247171
North Dakota,2016,For-Profit 2-year,-1.426597,1.760495,0.9485453,-2.499083,-1.441036,-0.0480679,-9.178472
North Dakota,2017,For-Profit 2-year,-1.031933,-1.525485,3.656881,-0.1623694,-2.063003,-0.0900901,-17.74341
North Dakota,2009,Public 2-year,-0.1728637,5.316198,0.08178,-0.7782307,-0.7618209,,-11.66139
North Dakota,2010,Public 2-year,-0.0994503,0.2014625,1.843746,-0.4266021,-0.3245414,0.0141636,-5.060252
North Dakota,2011,Public 2-year,-0.248352,0.9401493,2.415814,0.1747967,0.1090417,-0.0812315,-7.730171
North Dakota,2012,Public 2-year,-0.09764,1.252418,2.977143,0.5492483,0.6879667,-0.0970553,-9.061411
North Dakota,2013,Public 2-year,-0.2630564,0.7482945,3.483509,0.5328405,1.017027,0.0081235,-8.304567
North Dakota,2014,Public 2-year,-0.1614896,-0.4905116,4.547478,0.2814496,1.036532,0.1058994,-7.980078
North Dakota,2015,Public 2-year,-0.1076698,0.2104955,4.204408,0.7022172,1.289539,0.1231068,-9.197982
North Dakota,2016,Public 2-year,-0.2003122,1.319347,3.704617,0.6449249,0.8681414,0.1182928,-9.378242
North Dakota,2017,Public 2-year,-0.2476211,1.333446,3.557101,0.8519387,1.468867,0.0925207,-9.30011
Ohio,2009,For-Profit 2-year,-1.219247,0.0946045,17.84292,-0.4808707,-0.6124026,,-22.54428
Ohio,2010,For-Profit 2-year,-1.753895,0.1141778,15.88753,-1.30402,-0.7276862,0.0055698,-19.28526
Ohio,2011,For-Profit 2-year,-1.755815,0.1471323,15.34778,-1.064877,-0.2992176,0.047049,-21.08256
Ohio,2012,For-Profit 2-year,-1.643332,0.1665193,15.10774,-0.9413454,-0.2874807,0.0570024,-21.31713
Ohio,2013,For-Profit 2-year,-1.67204,0.1668732,14.91563,-0.7545657,-0.3110864,0.0502423,-22.81013
Ohio,2014,For-Profit 2-year,-1.645463,0.1314073,18.0032,-0.8664566,0.0082233,0.2009888,-22.26441
Ohio,2015,For-Profit 2-year,-1.820472,0.1632925,19.05551,-0.7212486,0.1873102,0.4498762,-21.63326
Ohio,2016,For-Profit 2-year,-1.965245,0.21101,17.40416,-0.6052753,-0.1827271,0.0935955,-20.6069
Ohio,2017,For-Profit 2-year,-1.734669,0.0363078,17.88774,-0.6563535,-0.1922976,0.0086527,-19.78232
Ohio,2009,Public 2-year,-0.5717087,0.3097686,-0.0541685,-0.7620988,-0.6284682,,-2.842927
Ohio,2010,Public 2-year,-1.00731,0.2518789,0.4326446,-1.028717,-0.6674489,0.0179709,-1.701928
Ohio,2011,Public 2-year,-0.9778423,0.2993764,0.6414055,-0.7113165,-0.156342,0.0341449,-3.282445
Ohio,2012,Public 2-year,-1.00824,0.2170216,-0.1904075,-0.5726697,0.173196,0.0548451,-3.919646
Ohio,2013,Public 2-year,-0.9690173,0.2125381,-0.0084596,-0.6682664,0.5230449,0.0535886,-3.355349
Ohio,2014,Public 2-year,-0.9793549,0.2097001,-0.2434695,-0.4188806,0.6394373,0.0594604,-3.510022
Ohio,2015,Public 2-year,-0.9882242,0.2043168,-1.058763,-0.2441609,0.7162592,0.0631911,-3.861531
Ohio,2016,Public 2-year,-0.9571922,0.1935672,-1.033315,0.0067916,0.9540733,0.057682,-3.748456
Ohio,2017,Public 2-year,-0.9650159,0.2131514,-0.8522938,0.4711828,1.017851,0.0729962,-4.079633
Oklahoma,2009,For-Profit 2-year,-0.607752,1.496414,8.042226,-1.073904,-3.87788,,-4.127751
Oklahoma,2010,For-Profit 2-year,-0.886427,0.0250468,8.438368,-2.806711,-3.56121,-0.0664751,0.4095003
Oklahoma,2011,For-Profit 2-year,-0.6730725,0.8559657,7.91543,-1.163201,-4.036969,0.0077173,-3.712308
Oklahoma,2012,For-Profit 2-year,-0.9198292,1.502499,9.189283,-0.9830918,-4.02443,-0.0112513,-8.318891
Oklahoma,2013,For-Profit 2-year,-1.171366,2.708895,11.34728,-1.139062,-3.535523,0.0217039,-8.959241
Oklahoma,2014,For-Profit 2-year,-1.087699,2.896101,11.79286,-0.2296764,-2.721193,0.0091227,-11.59669
Oklahoma,2015,For-Profit 2-year,-1.477251,1.446655,9.995937,-1.783327,-3.934098,0.0193127,-17.7136
Oklahoma,2016,For-Profit 2-year,-1.351304,1.821249,10.33895,1.861492,-0.6518831,0.1300261,-15.50006
Oklahoma,2017,For-Profit 2-year,-0.9729607,2.689467,6.751873,0.6265054,-1.117315,0.2321977,-14.78128
Oklahoma,2009,Public 2-year,0.2226615,4.929342,0.2101353,-5.240053,-4.724932,,3.185909
Oklahoma,2010,Public 2-year,0.0401587,4.200788,1.610073,-5.403894,-1.599398,0.0765407,1.526114
Oklahoma,2011,Public 2-year,-0.0649918,5.0511,1.791744,-4.782316,-2.584471,0.0511515,-1.653177
Oklahoma,2012,Public 2-year,-0.1688699,4.970321,2.073001,-4.508565,-2.517242,0.0788037,-2.570013
Oklahoma,2013,Public 2-year,-0.0496465,4.755558,1.395394,-3.603121,-1.405375,0.0532826,-3.915958
Oklahoma,2014,Public 2-year,0.0861919,3.870384,0.9739138,-3.245822,-0.1094264,0.0338574,-3.662792
Oklahoma,2015,Public 2-year,-0.0629034,3.478667,0.525951,-2.636851,1.719473,0.0682468,-5.94181
Oklahoma,2016,Public 2-year,-0.2918936,3.200489,-0.1778187,-2.233004,3.29794,0.0808838,-8.271571
Oklahoma,2017,Public 2-year,-0.3869777,2.979047,0.016019,-1.944871,3.798857,0.0417948,-7.642622
Oregon,2009,For-Profit 2-year,-1.739816,0.4137664,2.815813,-1.525978,-1.257027,,-1.187937
Oregon,2010,For-Profit 2-year,-2.652018,0.3423381,1.199191,-2.963458,-1.397942,0.4423226,-6.166655
Oregon,2011,For-Profit 2-year,-2.702385,0.660474,2.424996,-1.148428,-0.080746,0.8920254,-3.211084
Oregon,2012,For-Profit 2-year,-2.522001,0.6655288,2.754115,-0.5435169,-0.6538925,0.4800647,-3.177807
Oregon,2013,For-Profit 2-year,-2.337366,1.107167,2.543407,-1.159717,-0.6696418,0.61853,-1.789327
Oregon,2014,For-Profit 2-year,-2.418224,1.191247,3.165229,1.293832,0.2440853,0.5234687,-5.311791
Oregon,2015,For-Profit 2-year,-1.519853,0.5805065,2.638613,1.6448,-0.609169,0.5066085,-5.540673
Oregon,2016,For-Profit 2-year,-1.47458,0.4950388,3.116155,4.252736,-0.2163087,0.4053884,-23.6639
Oregon,2017,For-Profit 2-year,-2.939169,0.4920242,3.266107,5.296367,-0.7159368,0.1554867,-3.095725
Oregon,2009,Public 2-year,0.9069314,0.1718423,1.002431,-4.149609,-2.573863,,-2.914999
Oregon,2010,Public 2-year,-0.4643913,0.5093541,0.9731715,-3.623717,-1.617777,0.0327331,-5.542453
Oregon,2011,Public 2-year,-0.9183451,0.5092239,1.000092,-1.652016,-0.6615185,0.1465726,-6.660701
Oregon,2012,Public 2-year,-1.204619,0.5530144,1.221604,-0.6799771,0.0949852,0.2134792,-5.763567
Oregon,2013,Public 2-year,-1.321272,0.5398318,1.106259,0.2099538,0.5042285,0.1462648,-6.967788
Oregon,2014,Public 2-year,-1.191589,0.4507505,1.147153,0.693208,0.8355901,0.1980411,-7.962421
Oregon,2015,Public 2-year,-1.097756,0.3870453,0.8855411,1.610715,1.110199,0.1583552,-9.595228
Oregon,2016,Public 2-year,-1.077599,0.29848,0.6010073,2.200969,1.083318,0.12745,-11.97927
Oregon,2017,Public 2-year,-1.209039,0.3110023,0.5650107,3.019425,1.188445,0.2097107,-12.10103
Pennsylvania,2009,For-Profit 2-year,-1.289028,0.1088236,9.246327,3.156354,-0.5258265,,-15.97552
Pennsylvania,2010,For-Profit 2-year,-2.234456,0.1191831,9.111001,2.797517,-0.6474686,0.0373655,-12.58791
Pennsylvania,2011,For-Profit 2-year,-2.099061,0.1400194,8.567945,3.796686,-0.1006744,0.061987,-15.08806
Pennsylvania,2012,For-Profit 2-year,-2.144315,0.1532003,9.133119,3.660304,0.158651,0.0419832,-14.18318
Pennsylvania,2013,For-Profit 2-year,-2.252669,0.1079682,8.698452,4.339776,0.7843946,0.1023561,-13.27243
Pennsylvania,2014,For-Profit 2-year,-2.394,0.1243488,8.744157,4.56695,0.5963535,0.0654986,-12.73345
Pennsylvania,2015,For-Profit 2-year,-2.421073,0.0026419,6.464571,3.888083,4.004325,0.0568435,-12.23715
Pennsylvania,2016,For-Profit 2-year,-2.475026,0.0075008,6.370896,3.830591,0.4524149,0.0369459,-12.60711
Pennsylvania,2017,For-Profit 2-year,-2.415277,0.0871109,7.234612,5.510288,0.3292976,0.0846047,-11.14529
Pennsylvania,2009,Public 2-year,-0.6968802,0.2180821,-0.7190207,-0.5415068,-0.4395193,,-4.023941
Pennsylvania,2010,Public 2-year,-1.711485,0.1340247,-0.0014697,-0.7932649,-0.8667328,0.0808406,-2.125587
Pennsylvania,2011,Public 2-year,-1.518973,0.2441006,1.128234,-0.3755255,-0.1875378,0.1053754,-5.490507
Pennsylvania,2012,Public 2-year,-1.563813,0.2181519,0.5594327,-0.509357,0.0369889,0.0891049,-5.72418
Pennsylvania,2013,Public 2-year,-1.599319,0.1609387,0.9621601,0.468784,0.2341981,0.0772196,-6.400147
Pennsylvania,2014,Public 2-year,-1.590711,0.1375101,0.863604,0.6604735,0.4249984,0.0913567,-6.843039
Pennsylvania,2015,Public 2-year,-1.619785,0.1631876,0.9308712,0.6279986,0.4967294,0.0974887,-6.64508
Pennsylvania,2016,Public 2-year,-1.311428,0.094473,1.446846,1.506331,0.6303844,0.0908325,-6.133503
Pennsylvania,2017,Public 2-year,-1.357428,0.0704547,1.166291,2.201165,0.7739114,0.0922762,-5.971043
Rhode Island,2009,Public 2-year,-0.7492088,0.2720665,1.614299,-1.019958,-1.712312,,0.9898901
Rhode Island,2010,Public 2-year,-0.6907766,0.1098563,1.681138,-1.409319,-2.50788,-0.0379986,2.95881
Rhode Island,2011,Public 2-year,-0.6742945,0.2656316,2.003817,0.859113,-1.267411,-0.0369637,0.4759073
Rhode Island,2012,Public 2-year,-0.8724488,0.2019419,1.58655,1.466809,-0.9265716,-0.00369,0.6754994
Rhode Island,2013,Public 2-year,-0.7141221,0.1759267,1.834512,2.697229,1.023559,-0.0154407,-1.318961
Rhode Island,2014,Public 2-year,-0.9474514,0.0632063,1.849344,3.031428,1.934993,-0.0342836,-1.921177
Rhode Island,2015,Public 2-year,-0.9400114,-0.0528408,1.236513,2.8356,2.019363,-0.0065101,-1.41198
Rhode Island,2016,Public 2-year,-1.001845,-0.0544341,1.270445,2.588914,2.369014,-0.0294937,-1.208234
Rhode Island,2017,Public 2-year,-1.126863,-0.0768979,1.355036,3.154033,2.51246,-0.046686,-2.070278
South Carolina,2009,For-Profit 2-year,-0.6222107,0.0761915,30.76426,-2.220716,-0.895233,,-28.99009
South Carolina,2010,For-Profit 2-year,-1.016146,0.1482633,33.2605,-4.395562,-0.7150512,-0.0346274,-27.63899
South Carolina,2011,For-Profit 2-year,-1.142492,0.1443584,31.53192,-3.439323,-0.4855853,0.0065334,-27.40631
South Carolina,2012,For-Profit 2-year,-1.170029,0.0608611,32.59112,-3.320681,-0.7162141,-0.0312796,-27.03253
South Carolina,2013,For-Profit 2-year,-1.157018,0.0476396,30.73578,-1.278119,-0.4341807,-0.0303263,-27.75264
South Carolina,2014,For-Profit 2-year,-1.195769,0.0659841,32.94909,-2.482787,-0.4821901,0.058529,-28.67611
South Carolina,2015,For-Profit 2-year,-1.318241,-0.0776142,34.61284,-2.728794,-0.4007983,0.019753,-30.4082
South Carolina,2016,For-Profit 2-year,-1.481214,-0.0981374,36.95315,-3.164424,-0.2865192,0.0327619,-33.86337
South Carolina,2017,For-Profit 2-year,-1.562346,0.0087826,38.25712,-3.678538,-0.2837535,0.0193269,-36.44283
South Carolina,2009,Public 2-year,-0.0122265,0.0579219,0.5295731,-3.195002,1.327259,,1.166964
South Carolina,2010,Public 2-year,-0.290502,0.0962342,6.632523,-3.596225,-0.5774302,0.0182355,-1.636047
South Carolina,2011,Public 2-year,-0.3843625,0.1657249,6.712402,-2.977478,0.1121164,0.0653463,-4.334602
South Carolina,2012,Public 2-year,-0.3154497,0.2191176,6.759295,-2.929976,0.3891749,0.0971891,-4.493987
South Carolina,2013,Public 2-year,-0.3510932,0.2418766,6.587041,-2.661529,0.8943124,0.0888507,-5.461139
South Carolina,2014,Public 2-year,-0.2933949,0.2083195,5.399163,-2.111176,1.011167,0.0844479,-4.919862
South Carolina,2015,Public 2-year,-0.3649482,0.1865636,3.933376,-1.786879,1.153188,0.0671925,-4.385608
South Carolina,2016,Public 2-year,-0.2673179,0.1430655,2.598511,-1.187,1.407587,0.0761977,-3.904326
South Carolina,2017,Public 2-year,-0.322227,0.1456921,2.931515,-0.758967,1.75815,0.0735994,-4.921158
South Dakota,2009,For-Profit 2-year,-0.6984133,-0.4487027,1.238297,-1.729041,0.0844745,,-28.9326
South Dakota,2010,For-Profit 2-year,-0.9173612,1.297165,0.4379283,-1.388828,-0.0087305,0.3789099,-1.870797
South Dakota,2011,For-Profit 2-year,-0.2127655,1.717804,1.870956,-0.8652422,0.9774756,0.3983135,-5.104261
South Dakota,2012,For-Profit 2-year,-0.2794944,1.238769,2.542077,-0.8315748,4.650046,0.0731971,-9.097943
South Dakota,2013,For-Profit 2-year,-0.1361983,0.5128952,3.295584,-0.6315042,3.294271,0.2013405,-10.42677
South Dakota,2014,For-Profit 2-year,-0.6445543,1.549616,4.53507,-1.798203,2.302593,0.1080193,-8.475063
South Dakota,2015,For-Profit 2-year,-0.2481588,1.943795,4.682904,-1.645869,35.01058,0.4324505,-41.65217
South Dakota,2016,For-Profit 2-year,-0.4600882,-3.315037,25.85721,0.8210029,-2.28653,0.3525502,-30.10511
South Dakota,2017,For-Profit 2-year,-1.799553,4.177857,10.88075,-2.976653,0.5001083,-0.0339363,-13.60891
South Dakota,2009,Public 2-year,-0.9087288,73.69907,-0.9870069,-2.838331,,,-65.8095
South Dakota,2010,Public 2-year,-0.5000529,17.78878,-0.7501332,-1.192116,-1.2741,-0.0030746,-18.40007
South Dakota,2011,Public 2-year,-0.5126036,18.49572,-0.3075496,-1.322925,-1.169132,0.0342423,-15.63824
South Dakota,2012,Public 2-year,-0.6057724,17.21986,-0.3710969,-1.171899,-0.6910097,0.0402939,-18.85825
South Dakota,2013,Public 2-year,-0.4844936,17.35887,0.020035,-1.010461,-1.029539,0.0566517,-16.8796
South Dakota,2014,Public 2-year,-0.2092875,16.1225,-0.0760977,-0.9538317,-1.040406,0.0985698,-15.64672
South Dakota,2015,Public 2-year,0.0978431,16.68285,-0.3892348,-0.8703699,-1.164131,0.0783162,-15.26805
South Dakota,2016,Public 2-year,0.3962353,15.5492,-0.3576757,-0.9076719,-1.357501,0.1975486,-14.46236
South Dakota,2017,Public 2-year,0.2694017,15.14813,-0.6849818,-0.8693681,-1.480758,0.1117374,-14.02654
Tennessee,2009,For-Profit 2-year,-1.150134,0.2308828,9.969123,-2.597719,0.045345,,-10.08454
Tennessee,2010,For-Profit 2-year,-1.507032,0.0719264,13.45629,-4.066764,-0.2809206,-0.0167983,-9.706974
Tennessee,2011,For-Profit 2-year,-1.620499,0.1020522,14.53788,-2.916123,0.1017849,-0.0041223,-11.25418
Tennessee,2012,For-Profit 2-year,-1.539326,0.1241128,13.30516,-2.738187,0.2580953,0.0276775,-9.77059
Tennessee,2013,For-Profit 2-year,-1.594221,0.1227464,15.24014,-3.803883,1.580421,0.003777,-10.75195
Tennessee,2014,For-Profit 2-year,-1.641925,0.0014448,14.91643,-2.984792,0.9224661,0.0752897,-10.76983
Tennessee,2015,For-Profit 2-year,-1.666717,0.097569,13.46465,-3.084695,1.651971,0.1495021,-14.97006
Tennessee,2016,For-Profit 2-year,-2.096087,0.1016028,15.31143,-3.182546,0.7092576,0.1630382,-17.38398
Tennessee,2017,For-Profit 2-year,-1.825788,0.1705862,18.2817,-3.149816,0.9725965,0.1510447,-16.4766
Tennessee,2009,Public 2-year,0.1145407,0.0842005,0.7006539,-3.436982,0.3902195,,3.012859
Tennessee,2010,Public 2-year,-0.342401,0.1129511,0.3862731,-3.082936,-0.095083,0.0437636,2.872066
Tennessee,2011,Public 2-year,-0.4216754,0.1439059,0.6238946,-2.792018,0.3428303,0.0534727,1.149326
Tennessee,2012,Public 2-year,-0.3574221,0.1365723,-0.2824046,-2.670284,0.5169323,0.0472359,2.047807
Tennessee,2013,Public 2-year,-0.2329708,0.0962786,-0.4466966,-2.429579,0.6982669,0.053532,2.272797
Tennessee,2014,Public 2-year,-0.2704714,0.0787158,-0.6654764,-2.102768,0.9013101,0.0571497,2.212558
Tennessee,2015,Public 2-year,-0.3172089,0.018192,-1.356151,-1.483556,1.087547,0.0701135,2.176238
Tennessee,2016,Public 2-year,-0.2539907,0.0109422,-1.772714,-1.034934,1.269923,0.0600881,1.886901
Tennessee,2017,Public 2-year,-0.2699032,0.0385747,-1.447101,-0.6779317,1.47034,0.0666427,1.299775
Texas,2009,For-Profit 2-year,-1.354812,-0.1488428,6.183769,-0.1524505,-0.786941,,-5.358434
Texas,2010,For-Profit 2-year,-2.563963,-0.2617325,7.931023,0.1106959,-1.511237,0.0800309,-4.246421
Texas,2011,For-Profit 2-year,-2.68101,-0.0741394,9.035382,5.390225,-0.5111341,0.0938492,-7.047714
Texas,2012,For-Profit 2-year,-2.709563,0.0151205,9.792829,1.690165,-0.5287142,0.1089992,-7.304418
Texas,2013,For-Profit 2-year,-2.796794,0.1239836,10.26617,-0.8831372,-0.2991013,0.1504037,-6.536547
Texas,2014,For-Profit 2-year,-2.821923,0.1989793,11.34774,-1.546618,-0.5073209,0.1716288,-7.903228
Texas,2015,For-Profit 2-year,-2.556348,0.1470386,10.40639,-1.056579,0.6533461,0.2026611,-6.719971
Texas,2016,For-Profit 2-year,-2.263299,0.0110371,11.09199,-2.963794,-0.069567,0.1997692,-2.875673
Texas,2017,For-Profit 2-year,-2.041987,0.0145996,11.39734,-3.198914,0.2868674,0.1677267,-3.696919
Texas,2009,Public 2-year,2.131329,0.0152057,1.716394,-1.320321,-2.105332,,6.06593
Texas,2010,Public 2-year,0.712927,-0.0641838,2.920084,-0.6553876,-1.249087,0.0575246,3.444438
Texas,2011,Public 2-year,0.5068974,0.0602628,3.92056,0.2999475,-0.22507,0.0734056,-0.4467765
Texas,2012,Public 2-year,0.5259933,-0.0161782,3.43741,1.686666,-0.1005095,0.0586498,-2.153029
Texas,2013,Public 2-year,0.5334142,-0.0449557,3.414068,2.44591,-0.0916292,0.0670769,-3.204508
Texas,2014,Public 2-year,0.4421817,-0.0679683,3.430207,3.00437,0.1117507,0.0610756,-4.083475
Texas,2015,Public 2-year,0.4857107,-0.1001367,2.372989,3.844991,0.3065654,0.0627297,-4.848399
Texas,2016,Public 2-year,0.4233884,-0.1136282,2.133129,4.92627,0.3384423,0.0619031,-5.580217
Texas,2017,Public 2-year,0.4988354,-0.1098396,1.972717,4.912714,0.4004113,0.061668,-5.707648
Utah,2009,For-Profit 2-year,0.7026294,0.6527813,0.4767529,-1.575161,-0.4627433,,-14.48008
Utah,2010,For-Profit 2-year,-0.478775,0.7838627,0.7554226,-0.9349383,-0.9809884,0.235451,-2.256564
Utah,2011,For-Profit 2-year,-1.34025,0.966319,4.046676,-2.661053,-0.62374,0.3340161,-14.10234
Utah,2012,For-Profit 2-year,-1.275337,0.7610816,9.490858,-2.780458,-0.5530177,0.3646261,-16.74771
Utah,2013,For-Profit 2-year,-1.207259,0.891726,9.821509,-0.0455333,0.5956441,0.769296,-17.54547
Utah,2014,For-Profit 2-year,-0.8152725,0.9027473,2.527838,0.3305427,-0.1167898,0.115662,-16.40762
Utah,2015,For-Profit 2-year,-0.4006182,0.4684185,1.712234,-0.7155237,-0.143586,0.241696,-2.632754
Utah,2016,For-Profit 2-year,-1.058529,0.0532924,2.112104,0.1954192,-0.1468593,0.0320432,-3.862705
Utah,2017,For-Profit 2-year,-0.4856471,0.1712474,2.596534,-0.8610942,-0.1344072,0.6791866,2.037362
Utah,2009,Public 2-year,2.022028,0.2924724,1.220285,-2.433434,-1.208419,,-1.891303
Utah,2010,Public 2-year,0.3825425,0.1966752,0.9256973,-3.489584,-1.657757,0.7279115,2.752269
Utah,2011,Public 2-year,0.3235144,0.1177055,1.083612,-2.006342,-0.4815688,0.5242986,-1.566723
Utah,2012,Public 2-year,0.1811056,0.0485091,1.137572,-1.552692,-0.0215172,0.4843414,-1.414458
Utah,2013,Public 2-year,0.3411012,0.0983221,1.319406,-0.3643641,0.2418631,0.4381601,-2.252585
Utah,2014,Public 2-year,0.4138616,0.1734471,1.332704,0.4229319,0.6402044,0.3375115,-2.806822
Utah,2015,Public 2-year,0.1762661,0.0102792,1.271865,1.55654,0.5130219,0.3493679,-2.062603
Utah,2016,Public 2-year,0.1808601,0.033091,1.218039,2.683938,0.7712201,0.4588318,-3.12956
Utah,2017,Public 2-year,0.0995359,0.0254306,1.386927,3.468066,0.6543263,0.4369726,-2.957427
Vermont,2009,For-Profit 2-year,1.518564,-0.1075524,1.433204,1.13797,-0.7853239,,-26.00858
Vermont,2010,For-Profit 2-year,-0.2482968,0.2589529,1.839773,1.791772,5.46892,-0.0343546,-25.56751
Vermont,2011,For-Profit 2-year,1.009574,0.4161014,2.086441,1.543166,-0.1421936,0.1397428,-26.23087
Vermont,2012,For-Profit 2-year,-0.6250294,0.0995781,1.463399,2.936881,1.80415,0.3552444,-23.10989
Vermont,2013,For-Profit 2-year,-0.2013443,-0.2925674,1.218405,3.620946,0.190758,0.6768489,-21.81412
Vermont,2014,For-Profit 2-year,0.6464744,-0.3307512,3.463463,4.094373,-0.0267819,0.4728003,-14.44895
Vermont,2015,For-Profit 2-year,0.8185185,0.4352993,5.791705,3.81654,1.511826,0.482481,-16.42178
Vermont,2016,For-Profit 2-year,2.080813,0.9806287,6.227933,3.263082,-0.6646743,-0.0262722,-24.72752
Vermont,2017,For-Profit 2-year,2.103859,0.3644882,9.543736,-0.7938731,-0.9869035,-0.0262503,-36.12576
Vermont,2009,Public 2-year,0.1530726,0.1965159,0.3436255,-0.3335702,,,-0.4715264
Vermont,2010,Public 2-year,0.6336701,0.7134227,1.223551,0.1738009,-0.5004068,-0.0189107,-7.350144
Vermont,2011,Public 2-year,0.3030497,0.6915336,1.60632,0.6767617,0.9622407,0.012203,-7.605936
Vermont,2012,Public 2-year,-0.8085799,0.4827278,0.862646,0.4945072,1.430101,-0.027163,-4.926208
Vermont,2013,Public 2-year,-1.180667,0.4689946,-0.0600367,0.4159466,2.234846,-0.0104844,-6.530303
Vermont,2014,Public 2-year,-1.386383,0.447174,0.0959838,0.4985382,2.547121,-0.0403301,-6.524256
Vermont,2015,Public 2-year,-1.503881,0.4310838,-0.0094136,0.6140517,2.725529,0.04305,-6.978304
Vermont,2016,Public 2-year,0.2749552,0.2223513,0.9768696,1.001285,3.654022,0.0062366,-10.59457
Vermont,2017,Public 2-year,0.2535919,0.2897144,0.7667245,1.097363,3.708568,0.0413272,-10.50519
Virginia,2009,For-Profit 2-year,-1.453131,0.1263201,19.5622,1.756234,-0.674812,,-27.20815
Virginia,2010,For-Profit 2-year,-1.82627,0.0936465,21.0196,0.3650773,-1.129266,-0.0106694,-22.19403
Virginia,2011,For-Profit 2-year,-2.189575,0.1140192,21.23409,1.607353,-0.6130034,0.0307472,-23.56374
Virginia,2012,For-Profit 2-year,-1.949067,0.1715652,20.557,1.463499,0.0312253,0.0488543,-22.378
Virginia,2013,For-Profit 2-year,-2.077423,0.1684234,20.86432,1.689991,0.2392798,0.0402493,-22.7147
Virginia,2014,For-Profit 2-year,-2.15012,0.1726294,21.31485,1.570997,0.3267202,0.1214901,-24.6732
Virginia,2015,For-Profit 2-year,-2.14961,0.3101837,20.56956,1.401482,-0.0178381,0.2078874,-23.04566
Virginia,2016,For-Profit 2-year,-0.8563562,0.5269312,17.10488,0.5845372,0.4200699,0.3477947,-19.05618
Virginia,2017,For-Profit 2-year,-1.357316,0.5722258,15.98334,0.6915924,-0.0001889,0.3766679,-17.07575
Virginia,2009,Public 2-year,2.715056,0.3113443,1.453509,-0.4976597,-1.724782,,-4.570847
Virginia,2010,Public 2-year,0.0045196,0.173339,2.651267,-0.900622,-1.219669,0.431352,-2.066618
Virginia,2011,Public 2-year,-0.0309543,0.1616614,3.503607,-0.0336934,0.109297,0.3658796,-4.738353
Virginia,2012,Public 2-year,-0.0196392,0.100827,3.317321,0.3601357,0.5066035,0.3246361,-4.769647
Virginia,2013,Public 2-year,0.0316438,0.0666232,3.239653,0.90722,0.9729109,0.3124452,-5.420818
Virginia,2014,Public 2-year,-0.0879089,0.0749164,3.317028,1.290443,1.148717,0.2930564,-5.791095
Virginia,2015,Public 2-year,0.1038355,0.099204,2.212186,1.85532,1.309086,0.2846932,-5.601619
Virginia,2016,Public 2-year,0.2116573,0.100693,1.752429,2.423689,1.415154,0.2535866,-5.86125
Virginia,2017,Public 2-year,0.1529954,0.087625,1.364476,2.716343,1.528284,0.2409825,-6.047678
Washington,2009,For-Profit 2-year,1.46204,0.5682361,3.093625,-0.5732161,-0.7071133,,-8.202426
Washington,2010,For-Profit 2-year,-0.963113,0.6374037,2.27035,-1.252386,-0.6896136,0.436837,-5.009234
Washington,2011,For-Profit 2-year,-3.363694,0.4067596,1.720117,-0.7432113,0.3635732,0.5792305,-10.61572
Washington,2012,For-Profit 2-year,-3.241741,0.3856862,1.960097,-0.211622,0.8468591,0.5109072,-14.08917
Washington,2013,For-Profit 2-year,-3.741553,0.2016318,1.573488,1.040001,0.7191445,0.6932121,-17.74129
Washington,2014,For-Profit 2-year,-2.355142,0.5376021,3.155926,0.8239309,2.121462,1.128135,-6.23327
Washington,2015,For-Profit 2-year,-2.82733,0.5518752,1.807538,3.82644,0.5451639,0.0311643,-11.35595
Washington,2016,For-Profit 2-year,-4.544572,4.997818,1.029474,12.82945,0.0667848,2.595661,-17.32798
Washington,2017,For-Profit 2-year,-5.19588,7.109708,0.5398252,11.36252,0.2863381,2.550361,-17.85803
Washington,2009,Public 2-year,-0.0269716,0.556098,1.18622,-0.7788053,1.476748,,-7.568792
Washington,2010,Public 2-year,-1.178977,0.2174561,1.153772,-2.411312,1.074593,-0.3513874,-2.391397
Washington,2011,Public 2-year,-1.260529,0.4257954,1.124877,-1.433199,1.732278,-0.0650396,-5.791674
Washington,2012,Public 2-year,-1.399886,0.3953037,0.7380909,-0.8871219,2.055839,-0.1057368,-6.646166
Washington,2013,Public 2-year,-1.366169,0.2784003,0.5648519,-0.5457115,2.373682,-0.1525678,-7.349129
Washington,2014,Public 2-year,-1.557028,0.2135568,0.5687009,0.5556909,2.718072,-0.1312837,-9.269709
Washington,2015,Public 2-year,-1.302923,0.1262851,0.4366324,0.8808982,2.712082,-0.2031749,-10.06952
Washington,2016,Public 2-year,-1.607777,0.1876016,0.8836275,1.631402,2.714764,-0.0462825,-11.87245
Washington,2017,Public 2-year,-1.92248,0.0194303,0.5709289,2.271914,3.34212,-0.1221679,-12.69167
West Virginia,2009,For-Profit 2-year,-0.9874002,0.0020641,5.497283,-0.2527236,-0.4196784,,-4.021326
West Virginia,2010,For-Profit 2-year,-1.02719,-0.215826,3.023808,-0.5470301,-0.3982485,0.0003193,-2.193332
West Virginia,2011,For-Profit 2-year,-0.9829626,0.0314373,4.671793,-0.4657958,-0.6373224,0.051633,-3.017196
West Virginia,2012,For-Profit 2-year,-1.076482,0.2003536,5.703955,-0.4655944,-0.3230944,0.0093192,-4.587817
West Virginia,2013,For-Profit 2-year,-1.093013,0.0447345,6.204962,-0.3041465,0.0664321,-0.0351227,-5.048045
West Virginia,2014,For-Profit 2-year,-1.123755,0.080424,6.474952,-0.9396583,0.7139703,0.0242711,-5.477886
West Virginia,2015,For-Profit 2-year,-1.483562,-0.0093731,5.307401,-0.9687737,0.4721834,-0.0315948,-3.217042
West Virginia,2016,For-Profit 2-year,-1.568041,0.1662236,4.13582,-0.9973767,0.314424,0.0609167,-1.985941
West Virginia,2017,For-Profit 2-year,-1.482216,0.1987465,3.823325,-1.221054,0.5585498,0.0069694,-1.827987
West Virginia,2009,Public 2-year,-0.4256387,0.1584405,2.908618,-0.0786427,-0.3824043,,-4.449954
West Virginia,2010,Public 2-year,-0.5653099,0.2498199,2.927953,-0.4195616,-0.236338,0.0225772,-4.040878
West Virginia,2011,Public 2-year,-0.6016701,0.2665325,3.605186,-0.4344958,-0.1485088,0.1549371,-4.906087
West Virginia,2012,Public 2-year,-0.6170193,0.3414599,4.052764,-0.1810751,0.1310653,0.0015227,-5.420337
West Virginia,2013,Public 2-year,-0.5739778,0.3774355,3.700883,-0.2789902,0.0364942,0.0176198,-4.918008
West Virginia,2014,Public 2-year,-0.5777061,0.1293462,2.585943,-0.0258896,0.5554999,0.0088463,-4.161764
West Virginia,2015,Public 2-year,-0.5929634,0.1261453,2.417148,-0.1523969,0.9009106,0.0107027,-4.043279
West Virginia,2016,Public 2-year,-0.6422457,0.0814115,1.368418,-0.1903931,1.070888,0.0271712,-4.102958
West Virginia,2017,Public 2-year,-0.5141813,0.0947736,1.53032,-0.4128151,1.330579,0.0268674,-2.858097
Wisconsin,2009,For-Profit 2-year,-0.6808096,1.017668,14.30147,-1.823662,-0.8957648,,-31.18614
Wisconsin,2010,For-Profit 2-year,-0.849701,0.3956293,13.79805,-3.185863,-0.0034984,0.0779251,-25.67061
Wisconsin,2011,For-Profit 2-year,-0.8729368,0.4312582,13.82273,-2.31431,0.365469,0.0775553,-24.92389
Wisconsin,2012,For-Profit 2-year,-1.054576,0.430495,16.60951,-2.370919,0.7504205,0.192274,-22.22593
Wisconsin,2013,For-Profit 2-year,-1.186126,0.2068697,16.86885,-2.329496,0.4804067,0.1662354,-27.18418
Wisconsin,2014,For-Profit 2-year,-1.086334,0.0835689,17.90199,-2.431996,0.445707,0.1140673,-27.21588
Wisconsin,2015,For-Profit 2-year,-1.326766,0.2967987,17.55737,-2.270984,0.4922497,0.161975,-23.64795
Wisconsin,2016,For-Profit 2-year,-1.082489,0.3518586,19.72464,-3.234331,0.2899288,0.1160243,-22.98384
Wisconsin,2017,For-Profit 2-year,-0.4917773,-0.2907056,22.36946,-1.783879,1.000653,0.0514887,-21.85786
Wisconsin,2009,Public 2-year,0.1630173,0.4306366,0.0729991,-2.123263,-0.4853992,,1.399492
Wisconsin,2010,Public 2-year,-0.2347753,0.4291415,0.1005087,-2.135071,-0.4624376,0.0396859,0.7820597
Wisconsin,2011,Public 2-year,-0.3295518,0.5141066,1.032452,-1.700807,0.0371341,0.0608178,-0.7317423
Wisconsin,2012,Public 2-year,-0.3350018,0.4108133,1.276531,-1.281997,0.3640557,0.0741517,-0.9361988
Wisconsin,2013,Public 2-year,-0.2938778,0.3093554,1.57644,-0.8920947,0.5202714,0.0552744,-1.549302
Wisconsin,2014,Public 2-year,-0.0936827,0.3334835,1.116422,-0.4482933,0.5475119,0.0696604,-1.922062
Wisconsin,2015,Public 2-year,-0.0225003,0.4050792,0.8535612,-0.0565523,0.7808626,0.0653492,-2.506897
Wisconsin,2016,Public 2-year,0.4453461,0.2115246,0.1987049,0.3135243,1.031822,0.0637825,-2.800399
Wisconsin,2017,Public 2-year,0.3570081,0.2176314,-0.0323939,0.7496582,1.043804,0.0433062,-3.076711
Wyoming,2009,For-Profit 2-year,,,,,,,
Wyoming,2010,For-Profit 2-year,-1.160573,3.729234,2.959517,6.294966,-2.27535,-0.0700742,-7.328683
Wyoming,2011,For-Profit 2-year,-2.339696,4.778456,1.473788,2.738232,-1.764403,0.0562879,-5.810481
Wyoming,2012,For-Profit 2-year,-2.935405,4.032482,1.182108,5.541183,-1.205262,0.1071488,-9.38943
Wyoming,2013,For-Profit 2-year,-3.295658,3.363381,0.4452664,8.166933,0.4651856,0.4741881,-11.5218
Wyoming,2014,For-Profit 2-year,-3.38809,3.455997,0.6240385,3.746916,0.7130606,1.057435,-11.24612
Wyoming,2009,Public 2-year,-0.0445879,-0.2019626,0.5378624,-3.06078,-1.616971,,4.709453
Wyoming,2010,Public 2-year,-0.3725837,0.0529731,0.245596,-2.608902,-1.202837,0.1060047,3.808093
Wyoming,2011,Public 2-year,-0.0744117,0.0173991,0.3990808,-1.727226,-1.368528,0.2597961,2.05362
Wyoming,2012,Public 2-year,-0.1788872,-0.1643554,0.5570576,-1.861521,-1.166545,0.2045511,2.467274
Wyoming,2013,Public 2-year,-0.194505,-0.1049512,0.4829973,-1.478782,-1.274292,0.1881085,2.446529
Wyoming,2014,Public 2-year,-0.0207236,-0.1780182,0.2638732,-1.104619,-0.8879251,0.0279057,1.808713
Wyoming,2015,Public 2-year,-0.2446509,-0.1551552,0.2090064,-0.8464068,-0.5576525,-0.0239003,1.054654
Wyoming,2016,Public 2-year,-0.0849428,-0.2568615,-0.0524798,-0.9250939,-0.0261347,0.0510341,-0.5040099
Wyoming,2017,Public 2-year,-0.1000028,-0.2464893,-0.2940872,-0.4486401,0.5959389,0.0416849,-2.31085